Date,POC,PM2.5,AQI_VALUE,COUNTY,LATITUDE,LONGITUDE
1/1/2020,5,14.9,57,Dallas,32.774262,-96.797686
1/4/2020,5,7.2,30,Dallas,32.774262,-96.797686
1/7/2020,5,6.7,28,Dallas,32.774262,-96.797686
1/10/2020,5,6.7,28,Dallas,32.774262,-96.797686
1/13/2020,5,9.2,38,Dallas,32.774262,-96.797686
1/16/2020,5,8.3,35,Dallas,32.774262,-96.797686
1/19/2020,5,2.4,10,Dallas,32.774262,-96.797686
1/22/2020,5,6.8,28,Dallas,32.774262,-96.797686
1/25/2020,5,6,25,Dallas,32.774262,-96.797686
1/28/2020,5,6.6,28,Dallas,32.774262,-96.797686
1/31/2020,5,6.4,27,Dallas,32.774262,-96.797686
2/3/2020,5,7,29,Dallas,32.774262,-96.797686
2/6/2020,5,6.8,28,Dallas,32.774262,-96.797686
2/9/2020,5,6,25,Dallas,32.774262,-96.797686
2/12/2020,5,1.9,8,Dallas,32.774262,-96.797686
2/15/2020,5,8.8,37,Dallas,32.774262,-96.797686
2/18/2020,5,6.4,27,Dallas,32.774262,-96.797686
2/21/2020,5,7.7,32,Dallas,32.774262,-96.797686
2/24/2020,5,3.5,15,Dallas,32.774262,-96.797686
2/27/2020,5,4.7,20,Dallas,32.774262,-96.797686
3/1/2020,5,5.3,22,Dallas,32.774262,-96.797686
3/4/2020,5,7.9,33,Dallas,32.774262,-96.797686
3/7/2020,5,8.2,34,Dallas,32.774262,-96.797686
3/10/2020,5,6.3,26,Dallas,32.774262,-96.797686
3/13/2020,5,8.5,35,Dallas,32.774262,-96.797686
3/16/2020,5,9.7,40,Dallas,32.774262,-96.797686
3/19/2020,5,10.3,43,Dallas,32.774262,-96.797686
3/22/2020,5,5.9,25,Dallas,32.774262,-96.797686
3/25/2020,5,9,38,Dallas,32.774262,-96.797686
3/28/2020,5,8.5,35,Dallas,32.774262,-96.797686
3/31/2020,5,2.9,12,Dallas,32.774262,-96.797686
1/1/2020,1,13.9,55,Dallas,32.820061,-96.860117
1/4/2020,1,6,25,Dallas,32.820061,-96.860117
1/7/2020,1,5.1,21,Dallas,32.820061,-96.860117
1/10/2020,1,5.6,23,Dallas,32.820061,-96.860117
1/13/2020,1,8.5,35,Dallas,32.820061,-96.860117
1/16/2020,1,8.6,36,Dallas,32.820061,-96.860117
1/19/2020,1,3.2,13,Dallas,32.820061,-96.860117
1/22/2020,1,6.3,26,Dallas,32.820061,-96.860117
1/25/2020,1,4.4,18,Dallas,32.820061,-96.860117
1/28/2020,1,6,25,Dallas,32.820061,-96.860117
1/31/2020,1,4.1,17,Dallas,32.820061,-96.860117
2/3/2020,1,6,25,Dallas,32.820061,-96.860117
2/6/2020,1,5.1,21,Dallas,32.820061,-96.860117
2/9/2020,1,5.9,25,Dallas,32.820061,-96.860117
2/12/2020,1,2.6,11,Dallas,32.820061,-96.860117
2/15/2020,1,6.4,27,Dallas,32.820061,-96.860117
2/18/2020,1,5.8,24,Dallas,32.820061,-96.860117
2/21/2020,1,5.1,21,Dallas,32.820061,-96.860117
2/24/2020,1,2.9,12,Dallas,32.820061,-96.860117
2/27/2020,1,4.6,19,Dallas,32.820061,-96.860117
3/1/2020,1,5.2,22,Dallas,32.820061,-96.860117
3/4/2020,1,7.9,33,Dallas,32.820061,-96.860117
3/7/2020,1,6.8,28,Dallas,32.820061,-96.860117
3/10/2020,1,5.4,23,Dallas,32.820061,-96.860117
3/13/2020,1,7.6,32,Dallas,32.820061,-96.860117
3/16/2020,1,8.2,34,Dallas,32.820061,-96.860117
3/19/2020,1,9.7,40,Dallas,32.820061,-96.860117
3/22/2020,1,5.6,23,Dallas,32.820061,-96.860117
3/25/2020,1,10,42,Dallas,32.820061,-96.860117
3/28/2020,1,7.6,32,Dallas,32.820061,-96.860117
3/31/2020,1,2.4,10,Dallas,32.820061,-96.860117
1/4/2020,2,6.2,26,Dallas,32.820061,-96.860117
1/28/2020,2,6.3,26,Dallas,32.820061,-96.860117
2/9/2020,2,6.2,26,Dallas,32.820061,-96.860117
2/21/2020,2,5.9,25,Dallas,32.820061,-96.860117
3/4/2020,2,8.4,35,Dallas,32.820061,-96.860117
3/16/2020,2,8.1,34,Dallas,32.820061,-96.860117
3/28/2020,2,7.2,30,Dallas,32.820061,-96.860117
1/1/2020,4,14.8,57,Dallas,32.820061,-96.860117
1/2/2020,4,6.8,28,Dallas,32.820061,-96.860117
1/3/2020,4,4.5,19,Dallas,32.820061,-96.860117
1/4/2020,4,7.9,33,Dallas,32.820061,-96.860117
1/5/2020,4,6.2,26,Dallas,32.820061,-96.860117
1/6/2020,4,7.2,30,Dallas,32.820061,-96.860117
1/7/2020,4,6.5,27,Dallas,32.820061,-96.860117
1/8/2020,4,7.1,30,Dallas,32.820061,-96.860117
1/9/2020,4,3.5,15,Dallas,32.820061,-96.860117
1/10/2020,4,3.7,15,Dallas,32.820061,-96.860117
1/11/2020,4,6,25,Dallas,32.820061,-96.860117
1/12/2020,4,7.4,31,Dallas,32.820061,-96.860117
1/13/2020,4,10.3,43,Dallas,32.820061,-96.860117
1/14/2020,4,9.8,41,Dallas,32.820061,-96.860117
1/15/2020,4,6.6,28,Dallas,32.820061,-96.860117
1/16/2020,4,9.4,39,Dallas,32.820061,-96.860117
1/17/2020,4,8.2,34,Dallas,32.820061,-96.860117
1/18/2020,4,1.6,7,Dallas,32.820061,-96.860117
1/19/2020,4,3.7,15,Dallas,32.820061,-96.860117
1/20/2020,4,6.2,26,Dallas,32.820061,-96.860117
1/21/2020,4,10.6,44,Dallas,32.820061,-96.860117
1/22/2020,4,5.4,23,Dallas,32.820061,-96.860117
1/23/2020,4,-0.1,0,Dallas,32.820061,-96.860117
1/24/2020,4,3.3,14,Dallas,32.820061,-96.860117
1/25/2020,4,5.1,21,Dallas,32.820061,-96.860117
1/26/2020,4,3.7,15,Dallas,32.820061,-96.860117
1/27/2020,4,10.1,42,Dallas,32.820061,-96.860117
1/28/2020,4,5.7,24,Dallas,32.820061,-96.860117
1/29/2020,4,1.9,8,Dallas,32.820061,-96.860117
1/30/2020,4,5.2,22,Dallas,32.820061,-96.860117
1/31/2020,4,5.6,23,Dallas,32.820061,-96.860117
2/1/2020,4,8,33,Dallas,32.820061,-96.860117
2/2/2020,4,3,13,Dallas,32.820061,-96.860117
2/3/2020,4,4.6,19,Dallas,32.820061,-96.860117
2/4/2020,4,4,17,Dallas,32.820061,-96.860117
2/5/2020,4,0.6,3,Dallas,32.820061,-96.860117
2/6/2020,4,4.3,18,Dallas,32.820061,-96.860117
2/7/2020,4,4.6,19,Dallas,32.820061,-96.860117
2/8/2020,4,6.7,28,Dallas,32.820061,-96.860117
2/9/2020,4,3.6,15,Dallas,32.820061,-96.860117
2/10/2020,4,1.6,7,Dallas,32.820061,-96.860117
2/11/2020,4,5.9,25,Dallas,32.820061,-96.860117
2/12/2020,4,0.1,0,Dallas,32.820061,-96.860117
2/13/2020,4,3.8,16,Dallas,32.820061,-96.860117
2/14/2020,4,5.6,23,Dallas,32.820061,-96.860117
2/15/2020,4,7.4,31,Dallas,32.820061,-96.860117
2/16/2020,4,6.6,28,Dallas,32.820061,-96.860117
2/17/2020,4,6.9,29,Dallas,32.820061,-96.860117
2/18/2020,4,4.1,17,Dallas,32.820061,-96.860117
2/19/2020,4,5.1,21,Dallas,32.820061,-96.860117
2/20/2020,4,4.1,17,Dallas,32.820061,-96.860117
2/21/2020,4,6.7,28,Dallas,32.820061,-96.860117
2/22/2020,4,6.8,28,Dallas,32.820061,-96.860117
2/23/2020,4,6.1,25,Dallas,32.820061,-96.860117
2/24/2020,4,2.1,9,Dallas,32.820061,-96.860117
2/27/2020,4,4.6,19,Dallas,32.820061,-96.860117
2/28/2020,4,5.4,23,Dallas,32.820061,-96.860117
2/29/2020,4,6.9,29,Dallas,32.820061,-96.860117
3/1/2020,4,4.5,19,Dallas,32.820061,-96.860117
3/2/2020,4,8.1,34,Dallas,32.820061,-96.860117
3/3/2020,4,12.7,52,Dallas,32.820061,-96.860117
3/4/2020,4,6.8,28,Dallas,32.820061,-96.860117
3/5/2020,4,4.4,18,Dallas,32.820061,-96.860117
3/6/2020,4,5.3,22,Dallas,32.820061,-96.860117
3/7/2020,4,8.3,35,Dallas,32.820061,-96.860117
3/8/2020,4,9.5,40,Dallas,32.820061,-96.860117
3/9/2020,4,4.9,20,Dallas,32.820061,-96.860117
3/10/2020,4,5.6,23,Dallas,32.820061,-96.860117
3/11/2020,4,10.1,42,Dallas,32.820061,-96.860117
3/12/2020,4,10,42,Dallas,32.820061,-96.860117
3/13/2020,4,6.5,27,Dallas,32.820061,-96.860117
3/14/2020,4,5.3,22,Dallas,32.820061,-96.860117
3/15/2020,4,3.8,16,Dallas,32.820061,-96.860117
3/16/2020,4,10.2,43,Dallas,32.820061,-96.860117
3/17/2020,4,17.7,63,Dallas,32.820061,-96.860117
3/18/2020,4,7.2,30,Dallas,32.820061,-96.860117
3/19/2020,4,9,38,Dallas,32.820061,-96.860117
3/20/2020,4,2.9,12,Dallas,32.820061,-96.860117
3/21/2020,4,5.2,22,Dallas,32.820061,-96.860117
3/22/2020,4,5.4,23,Dallas,32.820061,-96.860117
3/23/2020,4,8.8,37,Dallas,32.820061,-96.860117
3/24/2020,4,5.7,24,Dallas,32.820061,-96.860117
3/25/2020,4,9.6,40,Dallas,32.820061,-96.860117
3/26/2020,4,15,57,Dallas,32.820061,-96.860117
3/27/2020,4,15.5,58,Dallas,32.820061,-96.860117
3/28/2020,4,6.7,28,Dallas,32.820061,-96.860117
3/29/2020,4,5.1,21,Dallas,32.820061,-96.860117
3/30/2020,4,5.8,24,Dallas,32.820061,-96.860117
3/31/2020,4,3,13,Dallas,32.820061,-96.860117
4/1/2020,4,10.4,43,Dallas,32.820061,-96.860117
4/2/2020,4,12.3,51,Dallas,32.820061,-96.860117
4/3/2020,4,7.1,30,Dallas,32.820061,-96.860117
4/4/2020,4,9,38,Dallas,32.820061,-96.860117
4/5/2020,4,12.5,52,Dallas,32.820061,-96.860117
4/6/2020,4,19.4,66,Dallas,32.820061,-96.860117
4/7/2020,4,11.7,49,Dallas,32.820061,-96.860117
4/8/2020,4,14.2,55,Dallas,32.820061,-96.860117
4/9/2020,4,15,57,Dallas,32.820061,-96.860117
4/10/2020,4,12.9,53,Dallas,32.820061,-96.860117
4/11/2020,4,13,53,Dallas,32.820061,-96.860117
4/12/2020,4,10.2,43,Dallas,32.820061,-96.860117
4/13/2020,4,8.6,36,Dallas,32.820061,-96.860117
4/14/2020,4,8.2,34,Dallas,32.820061,-96.860117
4/15/2020,4,10.3,43,Dallas,32.820061,-96.860117
4/16/2020,4,11.7,49,Dallas,32.820061,-96.860117
4/17/2020,4,12.8,52,Dallas,32.820061,-96.860117
4/18/2020,4,12.2,51,Dallas,32.820061,-96.860117
4/19/2020,4,14.7,56,Dallas,32.820061,-96.860117
4/20/2020,4,11.1,46,Dallas,32.820061,-96.860117
4/21/2020,4,17.4,62,Dallas,32.820061,-96.860117
4/22/2020,4,10.2,43,Dallas,32.820061,-96.860117
4/23/2020,4,8.9,37,Dallas,32.820061,-96.860117
4/24/2020,4,10.3,43,Dallas,32.820061,-96.860117
4/25/2020,4,8.9,37,Dallas,32.820061,-96.860117
4/26/2020,4,13.9,55,Dallas,32.820061,-96.860117
4/27/2020,4,13.2,53,Dallas,32.820061,-96.860117
4/28/2020,4,16.1,59,Dallas,32.820061,-96.860117
4/29/2020,4,7.8,33,Dallas,32.820061,-96.860117
4/30/2020,4,11.8,49,Dallas,32.820061,-96.860117
5/1/2020,4,11.6,48,Dallas,32.820061,-96.860117
5/2/2020,4,13.7,54,Dallas,32.820061,-96.860117
5/3/2020,4,12.7,52,Dallas,32.820061,-96.860117
5/4/2020,4,14.2,55,Dallas,32.820061,-96.860117
5/5/2020,4,10.1,42,Dallas,32.820061,-96.860117
5/8/2020,4,9.5,40,Dallas,32.820061,-96.860117
5/9/2020,4,10.8,45,Dallas,32.820061,-96.860117
5/10/2020,4,13.1,53,Dallas,32.820061,-96.860117
5/11/2020,4,11.7,49,Dallas,32.820061,-96.860117
5/12/2020,4,14.2,55,Dallas,32.820061,-96.860117
5/13/2020,4,9.4,39,Dallas,32.820061,-96.860117
5/14/2020,4,11.5,48,Dallas,32.820061,-96.860117
5/15/2020,4,10.2,43,Dallas,32.820061,-96.860117
5/16/2020,4,6.6,28,Dallas,32.820061,-96.860117
5/17/2020,4,8.8,37,Dallas,32.820061,-96.860117
5/18/2020,4,14.7,56,Dallas,32.820061,-96.860117
5/19/2020,4,11.9,50,Dallas,32.820061,-96.860117
5/20/2020,4,14.2,55,Dallas,32.820061,-96.860117
5/21/2020,4,19.5,67,Dallas,32.820061,-96.860117
5/22/2020,4,16.2,60,Dallas,32.820061,-96.860117
5/23/2020,4,9.9,41,Dallas,32.820061,-96.860117
5/24/2020,4,9.7,40,Dallas,32.820061,-96.860117
5/25/2020,4,6.4,27,Dallas,32.820061,-96.860117
5/26/2020,4,7.3,30,Dallas,32.820061,-96.860117
5/27/2020,4,11.8,49,Dallas,32.820061,-96.860117
5/28/2020,4,10.4,43,Dallas,32.820061,-96.860117
5/29/2020,4,9.3,39,Dallas,32.820061,-96.860117
5/30/2020,4,11.4,48,Dallas,32.820061,-96.860117
5/31/2020,4,14.2,55,Dallas,32.820061,-96.860117
6/1/2020,4,16.5,60,Dallas,32.820061,-96.860117
6/2/2020,4,24.6,77,Dallas,32.820061,-96.860117
6/3/2020,4,16,59,Dallas,32.820061,-96.860117
6/4/2020,4,9.7,40,Dallas,32.820061,-96.860117
6/5/2020,4,11.6,48,Dallas,32.820061,-96.860117
6/6/2020,4,14.2,55,Dallas,32.820061,-96.860117
6/7/2020,4,12.6,52,Dallas,32.820061,-96.860117
6/8/2020,4,12.3,51,Dallas,32.820061,-96.860117
6/9/2020,4,16.9,61,Dallas,32.820061,-96.860117
6/11/2020,4,4.6,19,Dallas,32.820061,-96.860117
6/12/2020,4,5.1,21,Dallas,32.820061,-96.860117
6/13/2020,4,4.6,19,Dallas,32.820061,-96.860117
6/14/2020,4,5.2,22,Dallas,32.820061,-96.860117
6/15/2020,4,6.7,28,Dallas,32.820061,-96.860117
6/16/2020,4,9.2,38,Dallas,32.820061,-96.860117
6/17/2020,4,5.1,21,Dallas,32.820061,-96.860117
6/18/2020,4,7.3,30,Dallas,32.820061,-96.860117
6/19/2020,4,5.3,22,Dallas,32.820061,-96.860117
6/20/2020,4,0.7,3,Dallas,32.820061,-96.860117
6/21/2020,4,-0.7,0,Dallas,32.820061,-96.860117
6/22/2020,4,0.7,3,Dallas,32.820061,-96.860117
6/23/2020,4,-0.1,0,Dallas,32.820061,-96.860117
6/24/2020,4,2.1,9,Dallas,32.820061,-96.860117
6/25/2020,4,3.8,16,Dallas,32.820061,-96.860117
6/26/2020,4,20.7,69,Dallas,32.820061,-96.860117
6/27/2020,4,45.9,127,Dallas,32.820061,-96.860117
6/28/2020,4,17.4,62,Dallas,32.820061,-96.860117
6/29/2020,4,10.5,44,Dallas,32.820061,-96.860117
6/30/2020,4,18.9,65,Dallas,32.820061,-96.860117
7/1/2020,4,16.9,61,Dallas,32.820061,-96.860117
7/2/2020,4,15.5,58,Dallas,32.820061,-96.860117
7/3/2020,4,20.8,69,Dallas,32.820061,-96.860117
7/4/2020,4,18,63,Dallas,32.820061,-96.860117
7/5/2020,4,16.8,61,Dallas,32.820061,-96.860117
7/6/2020,4,3.2,13,Dallas,32.820061,-96.860117
7/7/2020,4,3.1,13,Dallas,32.820061,-96.860117
7/8/2020,4,12.7,52,Dallas,32.820061,-96.860117
7/9/2020,4,16.5,60,Dallas,32.820061,-96.860117
7/10/2020,4,8.3,35,Dallas,32.820061,-96.860117
7/11/2020,4,5.4,23,Dallas,32.820061,-96.860117
7/12/2020,4,5.7,24,Dallas,32.820061,-96.860117
7/13/2020,4,7.6,32,Dallas,32.820061,-96.860117
7/14/2020,4,13.8,55,Dallas,32.820061,-96.860117
7/15/2020,4,13.2,53,Dallas,32.820061,-96.860117
7/16/2020,4,25.4,79,Dallas,32.820061,-96.860117
7/17/2020,4,17.8,63,Dallas,32.820061,-96.860117
7/18/2020,4,8.2,34,Dallas,32.820061,-96.860117
7/19/2020,4,6.1,25,Dallas,32.820061,-96.860117
7/20/2020,4,4,17,Dallas,32.820061,-96.860117
7/21/2020,4,0.5,2,Dallas,32.820061,-96.860117
7/22/2020,4,1.9,8,Dallas,32.820061,-96.860117
7/23/2020,4,2.7,11,Dallas,32.820061,-96.860117
7/24/2020,4,0.9,4,Dallas,32.820061,-96.860117
7/25/2020,4,1,4,Dallas,32.820061,-96.860117
7/26/2020,4,4,17,Dallas,32.820061,-96.860117
1/1/2020,1,10.5,44,Denton,33.219069,-97.196284
1/2/2020,1,6.3,26,Denton,33.219069,-97.196284
1/3/2020,1,4.5,19,Denton,33.219069,-97.196284
1/4/2020,1,5.4,23,Denton,33.219069,-97.196284
1/5/2020,1,4.9,20,Denton,33.219069,-97.196284
1/6/2020,1,2.6,11,Denton,33.219069,-97.196284
1/7/2020,1,3,13,Denton,33.219069,-97.196284
1/8/2020,1,6.6,28,Denton,33.219069,-97.196284
1/9/2020,1,4.8,20,Denton,33.219069,-97.196284
1/10/2020,1,5,21,Denton,33.219069,-97.196284
1/11/2020,1,6.4,27,Denton,33.219069,-97.196284
1/12/2020,1,8.5,35,Denton,33.219069,-97.196284
1/13/2020,1,9.7,40,Denton,33.219069,-97.196284
1/14/2020,1,8.3,35,Denton,33.219069,-97.196284
1/15/2020,1,8.4,35,Denton,33.219069,-97.196284
1/16/2020,1,8.8,37,Denton,33.219069,-97.196284
1/17/2020,1,3.6,15,Denton,33.219069,-97.196284
1/18/2020,1,2.6,11,Denton,33.219069,-97.196284
1/19/2020,1,2,8,Denton,33.219069,-97.196284
1/20/2020,1,3.5,15,Denton,33.219069,-97.196284
1/21/2020,1,8.9,37,Denton,33.219069,-97.196284
1/22/2020,1,7.5,31,Denton,33.219069,-97.196284
1/23/2020,1,1.5,6,Denton,33.219069,-97.196284
1/24/2020,1,2,8,Denton,33.219069,-97.196284
1/25/2020,1,5.7,24,Denton,33.219069,-97.196284
1/26/2020,1,5.6,23,Denton,33.219069,-97.196284
1/27/2020,1,9.4,39,Denton,33.219069,-97.196284
1/28/2020,1,5.2,22,Denton,33.219069,-97.196284
1/29/2020,1,3.7,15,Denton,33.219069,-97.196284
1/30/2020,1,3.7,15,Denton,33.219069,-97.196284
1/31/2020,1,3.8,16,Denton,33.219069,-97.196284
2/1/2020,1,2.4,10,Denton,33.219069,-97.196284
2/2/2020,1,2,8,Denton,33.219069,-97.196284
2/3/2020,1,6.6,28,Denton,33.219069,-97.196284
2/4/2020,1,5.3,22,Denton,33.219069,-97.196284
2/5/2020,1,4.2,18,Denton,33.219069,-97.196284
2/6/2020,1,4.2,18,Denton,33.219069,-97.196284
2/7/2020,1,4.6,19,Denton,33.219069,-97.196284
2/8/2020,1,3.9,16,Denton,33.219069,-97.196284
2/9/2020,1,4.3,18,Denton,33.219069,-97.196284
2/10/2020,1,5.8,24,Denton,33.219069,-97.196284
2/11/2020,1,4.3,18,Denton,33.219069,-97.196284
2/12/2020,1,2,8,Denton,33.219069,-97.196284
2/13/2020,1,3.5,15,Denton,33.219069,-97.196284
2/14/2020,1,5,21,Denton,33.219069,-97.196284
2/15/2020,1,7.5,31,Denton,33.219069,-97.196284
2/16/2020,1,6,25,Denton,33.219069,-97.196284
2/17/2020,1,7.4,31,Denton,33.219069,-97.196284
2/18/2020,1,3.7,15,Denton,33.219069,-97.196284
2/19/2020,1,3.6,15,Denton,33.219069,-97.196284
2/20/2020,1,3.8,16,Denton,33.219069,-97.196284
2/21/2020,1,6,25,Denton,33.219069,-97.196284
2/22/2020,1,7,29,Denton,33.219069,-97.196284
2/23/2020,1,7.2,30,Denton,33.219069,-97.196284
2/24/2020,1,2.7,11,Denton,33.219069,-97.196284
2/25/2020,1,2.6,11,Denton,33.219069,-97.196284
2/26/2020,1,3.5,15,Denton,33.219069,-97.196284
2/27/2020,1,4,17,Denton,33.219069,-97.196284
2/28/2020,1,4.5,19,Denton,33.219069,-97.196284
2/29/2020,1,6.2,26,Denton,33.219069,-97.196284
3/1/2020,1,4.4,18,Denton,33.219069,-97.196284
3/2/2020,1,6.8,28,Denton,33.219069,-97.196284
3/3/2020,1,9.4,39,Denton,33.219069,-97.196284
3/4/2020,1,7.8,33,Denton,33.219069,-97.196284
3/5/2020,1,3.5,15,Denton,33.219069,-97.196284
3/6/2020,1,6,25,Denton,33.219069,-97.196284
3/7/2020,1,7.1,30,Denton,33.219069,-97.196284
3/8/2020,1,9.6,40,Denton,33.219069,-97.196284
3/9/2020,1,5,21,Denton,33.219069,-97.196284
3/10/2020,1,4.7,20,Denton,33.219069,-97.196284
3/11/2020,1,8.8,37,Denton,33.219069,-97.196284
3/12/2020,1,8.7,36,Denton,33.219069,-97.196284
3/13/2020,1,4.8,20,Denton,33.219069,-97.196284
3/14/2020,1,2.4,10,Denton,33.219069,-97.196284
3/15/2020,1,3.2,13,Denton,33.219069,-97.196284
3/16/2020,1,6.9,29,Denton,33.219069,-97.196284
3/17/2020,1,14.3,56,Denton,33.219069,-97.196284
3/18/2020,1,6.5,27,Denton,33.219069,-97.196284
3/19/2020,1,7.6,32,Denton,33.219069,-97.196284
3/20/2020,1,2.4,10,Denton,33.219069,-97.196284
3/21/2020,1,4.1,17,Denton,33.219069,-97.196284
3/22/2020,1,5.4,23,Denton,33.219069,-97.196284
3/23/2020,1,9.1,38,Denton,33.219069,-97.196284
3/24/2020,1,6.6,28,Denton,33.219069,-97.196284
3/25/2020,1,7,29,Denton,33.219069,-97.196284
3/26/2020,1,18,63,Denton,33.219069,-97.196284
3/27/2020,1,16.1,59,Denton,33.219069,-97.196284
3/28/2020,1,5.5,23,Denton,33.219069,-97.196284
3/29/2020,1,3.5,15,Denton,33.219069,-97.196284
3/30/2020,1,3.9,16,Denton,33.219069,-97.196284
3/31/2020,1,1.8,8,Denton,33.219069,-97.196284
4/1/2020,1,4.9,20,Denton,33.219069,-97.196284
4/2/2020,1,6.9,29,Denton,33.219069,-97.196284
4/3/2020,1,4.1,17,Denton,33.219069,-97.196284
4/4/2020,1,4.5,19,Denton,33.219069,-97.196284
4/5/2020,1,8.6,36,Denton,33.219069,-97.196284
4/6/2020,1,13.8,55,Denton,33.219069,-97.196284
4/7/2020,1,9,38,Denton,33.219069,-97.196284
4/8/2020,1,6.3,26,Denton,33.219069,-97.196284
4/9/2020,1,10.7,45,Denton,33.219069,-97.196284
4/10/2020,1,9.7,40,Denton,33.219069,-97.196284
4/11/2020,1,9.1,38,Denton,33.219069,-97.196284
4/12/2020,1,6.3,26,Denton,33.219069,-97.196284
4/13/2020,1,3.9,16,Denton,33.219069,-97.196284
4/14/2020,1,4,17,Denton,33.219069,-97.196284
4/15/2020,1,5.5,23,Denton,33.219069,-97.196284
4/16/2020,1,7.7,32,Denton,33.219069,-97.196284
4/17/2020,1,5.8,24,Denton,33.219069,-97.196284
4/18/2020,1,7.3,30,Denton,33.219069,-97.196284
4/19/2020,1,9.2,38,Denton,33.219069,-97.196284
4/20/2020,1,6.7,28,Denton,33.219069,-97.196284
4/21/2020,1,10.7,45,Denton,33.219069,-97.196284
4/22/2020,1,6.7,28,Denton,33.219069,-97.196284
4/23/2020,1,2.1,9,Denton,33.219069,-97.196284
4/24/2020,1,5.4,23,Denton,33.219069,-97.196284
4/25/2020,1,4.6,19,Denton,33.219069,-97.196284
4/26/2020,1,5.5,23,Denton,33.219069,-97.196284
4/27/2020,1,7.6,32,Denton,33.219069,-97.196284
4/28/2020,1,8.9,37,Denton,33.219069,-97.196284
4/29/2020,1,3.3,14,Denton,33.219069,-97.196284
4/30/2020,1,5.9,25,Denton,33.219069,-97.196284
5/1/2020,1,6.5,27,Denton,33.219069,-97.196284
5/2/2020,1,6.5,27,Denton,33.219069,-97.196284
5/3/2020,1,7.8,33,Denton,33.219069,-97.196284
5/4/2020,1,9,38,Denton,33.219069,-97.196284
5/5/2020,1,3.2,13,Denton,33.219069,-97.196284
5/6/2020,1,3.6,15,Denton,33.219069,-97.196284
5/7/2020,1,6.7,28,Denton,33.219069,-97.196284
5/8/2020,1,4.1,17,Denton,33.219069,-97.196284
5/9/2020,1,5.4,23,Denton,33.219069,-97.196284
5/10/2020,1,8,33,Denton,33.219069,-97.196284
5/11/2020,1,5.9,25,Denton,33.219069,-97.196284
5/12/2020,1,6.3,26,Denton,33.219069,-97.196284
5/13/2020,1,6.4,27,Denton,33.219069,-97.196284
5/14/2020,1,6.9,29,Denton,33.219069,-97.196284
5/15/2020,1,6.6,28,Denton,33.219069,-97.196284
5/16/2020,1,2.7,11,Denton,33.219069,-97.196284
5/17/2020,1,3.4,14,Denton,33.219069,-97.196284
5/18/2020,1,6,25,Denton,33.219069,-97.196284
5/19/2020,1,7,29,Denton,33.219069,-97.196284
5/20/2020,1,8.5,35,Denton,33.219069,-97.196284
5/21/2020,1,16.1,59,Denton,33.219069,-97.196284
5/22/2020,1,11.5,48,Denton,33.219069,-97.196284
5/23/2020,1,8.4,35,Denton,33.219069,-97.196284
5/24/2020,1,3.9,16,Denton,33.219069,-97.196284
5/25/2020,1,2.6,11,Denton,33.219069,-97.196284
5/26/2020,1,1,4,Denton,33.219069,-97.196284
5/27/2020,1,3.3,14,Denton,33.219069,-97.196284
5/28/2020,1,3.8,16,Denton,33.219069,-97.196284
5/29/2020,1,4.1,17,Denton,33.219069,-97.196284
5/30/2020,1,6.5,27,Denton,33.219069,-97.196284
5/31/2020,1,7,29,Denton,33.219069,-97.196284
6/1/2020,1,10.2,43,Denton,33.219069,-97.196284
6/2/2020,1,11.7,49,Denton,33.219069,-97.196284
6/3/2020,1,9.9,41,Denton,33.219069,-97.196284
6/4/2020,1,6.2,26,Denton,33.219069,-97.196284
6/5/2020,1,8.1,34,Denton,33.219069,-97.196284
6/6/2020,1,9,38,Denton,33.219069,-97.196284
6/7/2020,1,8.6,36,Denton,33.219069,-97.196284
6/8/2020,1,8.3,35,Denton,33.219069,-97.196284
6/9/2020,1,10.2,43,Denton,33.219069,-97.196284
6/11/2020,1,3.1,13,Denton,33.219069,-97.196284
6/12/2020,1,6.5,27,Denton,33.219069,-97.196284
6/13/2020,1,6.9,29,Denton,33.219069,-97.196284
6/14/2020,1,8.5,35,Denton,33.219069,-97.196284
6/15/2020,1,12,50,Denton,33.219069,-97.196284
6/16/2020,1,9.2,38,Denton,33.219069,-97.196284
6/17/2020,1,8.8,37,Denton,33.219069,-97.196284
6/18/2020,1,7,29,Denton,33.219069,-97.196284
6/19/2020,1,6.1,25,Denton,33.219069,-97.196284
6/20/2020,1,5.3,22,Denton,33.219069,-97.196284
6/21/2020,1,4.2,18,Denton,33.219069,-97.196284
6/22/2020,1,4.9,20,Denton,33.219069,-97.196284
6/23/2020,1,5,21,Denton,33.219069,-97.196284
6/24/2020,1,5.1,21,Denton,33.219069,-97.196284
6/25/2020,1,8.7,36,Denton,33.219069,-97.196284
6/26/2020,1,20.6,69,Denton,33.219069,-97.196284
6/27/2020,1,52,142,Denton,33.219069,-97.196284
6/28/2020,1,22.4,73,Denton,33.219069,-97.196284
6/29/2020,1,15.2,58,Denton,33.219069,-97.196284
6/30/2020,1,21.5,71,Denton,33.219069,-97.196284
7/1/2020,1,20.1,68,Denton,33.219069,-97.196284
7/2/2020,1,19.4,66,Denton,33.219069,-97.196284
7/3/2020,1,23.5,75,Denton,33.219069,-97.196284
7/4/2020,1,18.7,65,Denton,33.219069,-97.196284
7/5/2020,1,14.6,56,Denton,33.219069,-97.196284
7/6/2020,1,7.7,32,Denton,33.219069,-97.196284
7/7/2020,1,9.5,40,Denton,33.219069,-97.196284
7/8/2020,1,16.4,60,Denton,33.219069,-97.196284
7/9/2020,1,19.4,66,Denton,33.219069,-97.196284
7/10/2020,1,12.1,51,Denton,33.219069,-97.196284
7/11/2020,1,10.6,44,Denton,33.219069,-97.196284
7/12/2020,1,5.4,23,Denton,33.219069,-97.196284
7/13/2020,1,10.5,44,Denton,33.219069,-97.196284
7/14/2020,1,15.7,59,Denton,33.219069,-97.196284
7/15/2020,1,15.1,57,Denton,33.219069,-97.196284
7/16/2020,1,24.1,76,Denton,33.219069,-97.196284
7/20/2020,1,8.3,35,Denton,33.219069,-97.196284
7/21/2020,1,6,25,Denton,33.219069,-97.196284
7/22/2020,1,5.8,24,Denton,33.219069,-97.196284
7/23/2020,1,7.2,30,Denton,33.219069,-97.196284
1/1/2020,3,7.6,32,Ellis,32.482083,-97.026899
1/2/2020,3,8.2,34,Ellis,32.482083,-97.026899
1/3/2020,3,6.3,26,Ellis,32.482083,-97.026899
1/4/2020,3,6,25,Ellis,32.482083,-97.026899
1/5/2020,3,5.5,23,Ellis,32.482083,-97.026899
1/6/2020,3,7.5,31,Ellis,32.482083,-97.026899
1/7/2020,3,8.8,37,Ellis,32.482083,-97.026899
1/8/2020,3,7.6,32,Ellis,32.482083,-97.026899
1/9/2020,3,5.7,24,Ellis,32.482083,-97.026899
1/10/2020,3,6.8,28,Ellis,32.482083,-97.026899
1/11/2020,3,5.9,25,Ellis,32.482083,-97.026899
1/12/2020,3,5.1,21,Ellis,32.482083,-97.026899
1/13/2020,3,8.2,34,Ellis,32.482083,-97.026899
1/24/2020,3,3.5,15,Ellis,32.482083,-97.026899
1/25/2020,3,4.7,20,Ellis,32.482083,-97.026899
1/26/2020,3,6.9,29,Ellis,32.482083,-97.026899
1/27/2020,3,8.3,35,Ellis,32.482083,-97.026899
1/28/2020,3,6.1,25,Ellis,32.482083,-97.026899
1/29/2020,3,4.1,17,Ellis,32.482083,-97.026899
1/30/2020,3,4.9,20,Ellis,32.482083,-97.026899
1/31/2020,3,6.2,26,Ellis,32.482083,-97.026899
2/1/2020,3,5.5,23,Ellis,32.482083,-97.026899
2/2/2020,3,6.2,26,Ellis,32.482083,-97.026899
2/3/2020,3,8.5,35,Ellis,32.482083,-97.026899
2/4/2020,3,6.3,26,Ellis,32.482083,-97.026899
2/5/2020,3,3.9,16,Ellis,32.482083,-97.026899
2/6/2020,3,4.1,17,Ellis,32.482083,-97.026899
2/7/2020,3,8.2,34,Ellis,32.482083,-97.026899
2/8/2020,3,6.3,26,Ellis,32.482083,-97.026899
2/9/2020,3,6.3,26,Ellis,32.482083,-97.026899
2/10/2020,3,5.2,22,Ellis,32.482083,-97.026899
2/11/2020,3,4.6,19,Ellis,32.482083,-97.026899
2/12/2020,3,4.5,19,Ellis,32.482083,-97.026899
2/13/2020,3,5.6,23,Ellis,32.482083,-97.026899
2/14/2020,3,4.6,19,Ellis,32.482083,-97.026899
2/15/2020,3,7.1,30,Ellis,32.482083,-97.026899
2/16/2020,3,9.9,41,Ellis,32.482083,-97.026899
2/17/2020,3,9.2,38,Ellis,32.482083,-97.026899
2/18/2020,3,7.5,31,Ellis,32.482083,-97.026899
2/19/2020,3,4.9,20,Ellis,32.482083,-97.026899
2/20/2020,3,5.6,23,Ellis,32.482083,-97.026899
2/21/2020,3,4.7,20,Ellis,32.482083,-97.026899
2/22/2020,3,5.9,25,Ellis,32.482083,-97.026899
2/23/2020,3,6.5,27,Ellis,32.482083,-97.026899
2/24/2020,3,4.3,18,Ellis,32.482083,-97.026899
2/25/2020,3,5,21,Ellis,32.482083,-97.026899
2/26/2020,3,4.2,18,Ellis,32.482083,-97.026899
2/27/2020,3,5.1,21,Ellis,32.482083,-97.026899
2/28/2020,3,5.7,24,Ellis,32.482083,-97.026899
2/29/2020,3,7.1,30,Ellis,32.482083,-97.026899
3/1/2020,3,7.2,30,Ellis,32.482083,-97.026899
3/2/2020,3,11.1,46,Ellis,32.482083,-97.026899
3/3/2020,3,13.7,54,Ellis,32.482083,-97.026899
3/4/2020,3,8.5,35,Ellis,32.482083,-97.026899
3/5/2020,3,10.9,45,Ellis,32.482083,-97.026899
3/6/2020,3,7.5,31,Ellis,32.482083,-97.026899
3/7/2020,3,7.1,30,Ellis,32.482083,-97.026899
3/8/2020,3,9.1,38,Ellis,32.482083,-97.026899
3/9/2020,3,9.9,41,Ellis,32.482083,-97.026899
3/10/2020,3,8.5,35,Ellis,32.482083,-97.026899
3/11/2020,3,12.6,52,Ellis,32.482083,-97.026899
3/12/2020,3,11.2,47,Ellis,32.482083,-97.026899
3/13/2020,3,9.1,38,Ellis,32.482083,-97.026899
3/14/2020,3,7.1,30,Ellis,32.482083,-97.026899
3/15/2020,3,3.5,15,Ellis,32.482083,-97.026899
3/16/2020,3,9.3,39,Ellis,32.482083,-97.026899
3/17/2020,3,14.3,56,Ellis,32.482083,-97.026899
3/18/2020,3,10.3,43,Ellis,32.482083,-97.026899
3/19/2020,3,13.2,53,Ellis,32.482083,-97.026899
3/20/2020,3,4.5,19,Ellis,32.482083,-97.026899
3/21/2020,3,5.4,23,Ellis,32.482083,-97.026899
3/22/2020,3,5.6,23,Ellis,32.482083,-97.026899
3/23/2020,3,9.5,40,Ellis,32.482083,-97.026899
3/24/2020,3,7.6,32,Ellis,32.482083,-97.026899
3/25/2020,3,13.1,53,Ellis,32.482083,-97.026899
3/26/2020,3,17.5,62,Ellis,32.482083,-97.026899
3/27/2020,3,15.5,58,Ellis,32.482083,-97.026899
3/28/2020,3,9,38,Ellis,32.482083,-97.026899
3/29/2020,3,8.1,34,Ellis,32.482083,-97.026899
3/30/2020,3,7,29,Ellis,32.482083,-97.026899
3/31/2020,3,3.6,15,Ellis,32.482083,-97.026899
4/1/2020,3,5.5,23,Ellis,32.482083,-97.026899
4/2/2020,3,9,38,Ellis,32.482083,-97.026899
4/3/2020,3,5.5,23,Ellis,32.482083,-97.026899
4/4/2020,3,5.4,23,Ellis,32.482083,-97.026899
4/5/2020,3,10.3,43,Ellis,32.482083,-97.026899
4/6/2020,3,13.8,55,Ellis,32.482083,-97.026899
4/7/2020,3,10.3,43,Ellis,32.482083,-97.026899
4/8/2020,3,14.2,55,Ellis,32.482083,-97.026899
4/9/2020,3,13.2,53,Ellis,32.482083,-97.026899
4/10/2020,3,8.6,36,Ellis,32.482083,-97.026899
4/11/2020,3,8.5,35,Ellis,32.482083,-97.026899
4/12/2020,3,8,33,Ellis,32.482083,-97.026899
4/13/2020,3,4.3,18,Ellis,32.482083,-97.026899
4/14/2020,3,5.1,21,Ellis,32.482083,-97.026899
4/15/2020,3,5.9,25,Ellis,32.482083,-97.026899
4/16/2020,3,7.7,32,Ellis,32.482083,-97.026899
4/17/2020,3,7.4,31,Ellis,32.482083,-97.026899
4/18/2020,3,6.7,28,Ellis,32.482083,-97.026899
4/19/2020,3,9.8,41,Ellis,32.482083,-97.026899
4/20/2020,3,7.3,30,Ellis,32.482083,-97.026899
4/21/2020,3,11.3,47,Ellis,32.482083,-97.026899
4/22/2020,3,7.3,30,Ellis,32.482083,-97.026899
4/23/2020,3,5,21,Ellis,32.482083,-97.026899
4/24/2020,3,7.6,32,Ellis,32.482083,-97.026899
4/25/2020,3,6.1,25,Ellis,32.482083,-97.026899
4/26/2020,3,7.7,32,Ellis,32.482083,-97.026899
4/27/2020,3,9.1,38,Ellis,32.482083,-97.026899
4/28/2020,3,12.2,51,Ellis,32.482083,-97.026899
4/29/2020,3,4.8,20,Ellis,32.482083,-97.026899
4/30/2020,3,8,33,Ellis,32.482083,-97.026899
5/1/2020,3,8.4,35,Ellis,32.482083,-97.026899
5/2/2020,3,8,33,Ellis,32.482083,-97.026899
5/3/2020,3,8.3,35,Ellis,32.482083,-97.026899
5/4/2020,3,11.1,46,Ellis,32.482083,-97.026899
5/5/2020,3,7.1,30,Ellis,32.482083,-97.026899
5/6/2020,3,6.1,25,Ellis,32.482083,-97.026899
5/7/2020,3,7.9,33,Ellis,32.482083,-97.026899
5/8/2020,3,6.3,26,Ellis,32.482083,-97.026899
5/9/2020,3,6.9,29,Ellis,32.482083,-97.026899
5/10/2020,3,8.6,36,Ellis,32.482083,-97.026899
5/11/2020,3,4.5,19,Ellis,32.482083,-97.026899
5/12/2020,3,0.8,3,Ellis,32.482083,-97.026899
5/13/2020,3,3,13,Ellis,32.482083,-97.026899
5/14/2020,3,6.9,29,Ellis,32.482083,-97.026899
5/15/2020,3,7.3,30,Ellis,32.482083,-97.026899
5/16/2020,3,3.5,15,Ellis,32.482083,-97.026899
5/17/2020,3,4.7,20,Ellis,32.482083,-97.026899
5/18/2020,3,6.7,28,Ellis,32.482083,-97.026899
5/19/2020,3,9,38,Ellis,32.482083,-97.026899
5/20/2020,3,13.2,53,Ellis,32.482083,-97.026899
5/21/2020,3,14.7,56,Ellis,32.482083,-97.026899
5/22/2020,3,13.4,54,Ellis,32.482083,-97.026899
5/23/2020,3,8.7,36,Ellis,32.482083,-97.026899
5/24/2020,3,6,25,Ellis,32.482083,-97.026899
5/25/2020,3,4,17,Ellis,32.482083,-97.026899
5/26/2020,3,4.1,17,Ellis,32.482083,-97.026899
5/27/2020,3,7.2,30,Ellis,32.482083,-97.026899
5/28/2020,3,8.1,34,Ellis,32.482083,-97.026899
5/29/2020,3,6.7,28,Ellis,32.482083,-97.026899
5/30/2020,3,7.1,30,Ellis,32.482083,-97.026899
5/31/2020,3,9.1,38,Ellis,32.482083,-97.026899
6/1/2020,3,10,42,Ellis,32.482083,-97.026899
6/2/2020,3,11.2,47,Ellis,32.482083,-97.026899
6/3/2020,3,8.4,35,Ellis,32.482083,-97.026899
6/4/2020,3,5.9,25,Ellis,32.482083,-97.026899
6/5/2020,3,8.6,36,Ellis,32.482083,-97.026899
6/6/2020,3,9.6,40,Ellis,32.482083,-97.026899
6/7/2020,3,8.2,34,Ellis,32.482083,-97.026899
6/8/2020,3,8.8,37,Ellis,32.482083,-97.026899
6/9/2020,3,12.7,52,Ellis,32.482083,-97.026899
6/11/2020,3,11.7,49,Ellis,32.482083,-97.026899
6/12/2020,3,5.4,23,Ellis,32.482083,-97.026899
6/13/2020,3,6.2,26,Ellis,32.482083,-97.026899
6/14/2020,3,9,38,Ellis,32.482083,-97.026899
6/15/2020,3,9.5,40,Ellis,32.482083,-97.026899
6/16/2020,3,6.4,27,Ellis,32.482083,-97.026899
6/17/2020,3,8,33,Ellis,32.482083,-97.026899
6/18/2020,3,7.1,30,Ellis,32.482083,-97.026899
6/19/2020,3,6.9,29,Ellis,32.482083,-97.026899
6/20/2020,3,5.1,21,Ellis,32.482083,-97.026899
6/21/2020,3,4.9,20,Ellis,32.482083,-97.026899
6/22/2020,3,6.9,29,Ellis,32.482083,-97.026899
6/26/2020,3,29.9,88,Ellis,32.482083,-97.026899
6/27/2020,3,45.4,125,Ellis,32.482083,-97.026899
6/28/2020,3,18.9,65,Ellis,32.482083,-97.026899
6/29/2020,3,14.9,57,Ellis,32.482083,-97.026899
6/30/2020,3,22.7,73,Ellis,32.482083,-97.026899
7/1/2020,3,20.5,69,Ellis,32.482083,-97.026899
7/4/2020,3,19.1,66,Ellis,32.482083,-97.026899
7/5/2020,3,20.8,69,Ellis,32.482083,-97.026899
7/6/2020,3,8.3,35,Ellis,32.482083,-97.026899
7/7/2020,3,6.3,26,Ellis,32.482083,-97.026899
7/8/2020,3,16.9,61,Ellis,32.482083,-97.026899
7/9/2020,3,19.2,66,Ellis,32.482083,-97.026899
7/10/2020,3,10.4,43,Ellis,32.482083,-97.026899
7/11/2020,3,7.4,31,Ellis,32.482083,-97.026899
7/12/2020,3,6.6,28,Ellis,32.482083,-97.026899
7/13/2020,3,10.3,43,Ellis,32.482083,-97.026899
7/14/2020,3,16.9,61,Ellis,32.482083,-97.026899
7/15/2020,3,16.8,61,Ellis,32.482083,-97.026899
7/16/2020,3,25.7,80,Ellis,32.482083,-97.026899
7/17/2020,3,16.1,59,Ellis,32.482083,-97.026899
7/18/2020,3,9.4,39,Ellis,32.482083,-97.026899
7/19/2020,3,12.3,51,Ellis,32.482083,-97.026899
7/20/2020,3,8,33,Ellis,32.482083,-97.026899
7/21/2020,3,4.8,20,Ellis,32.482083,-97.026899
7/22/2020,3,5.2,22,Ellis,32.482083,-97.026899
7/23/2020,3,6.9,29,Ellis,32.482083,-97.026899
7/24/2020,3,7.2,30,Ellis,32.482083,-97.026899
7/25/2020,3,4.6,19,Ellis,32.482083,-97.026899
7/26/2020,3,4.9,20,Ellis,32.482083,-97.026899
1/4/2020,5,4.9,20,Ellis,32.482083,-97.026899
1/10/2020,5,5.6,23,Ellis,32.482083,-97.026899
1/16/2020,5,7.4,31,Ellis,32.482083,-97.026899
1/22/2020,5,5.5,23,Ellis,32.482083,-97.026899
1/28/2020,5,6.1,25,Ellis,32.482083,-97.026899
2/3/2020,5,7.3,30,Ellis,32.482083,-97.026899
2/9/2020,5,5.8,24,Ellis,32.482083,-97.026899
2/15/2020,5,7.2,30,Ellis,32.482083,-97.026899
2/21/2020,5,6.1,25,Ellis,32.482083,-97.026899
2/27/2020,5,5.2,22,Ellis,32.482083,-97.026899
3/4/2020,5,7.4,31,Ellis,32.482083,-97.026899
3/10/2020,5,6.9,29,Ellis,32.482083,-97.026899
3/22/2020,5,4.2,18,Ellis,32.482083,-97.026899
3/28/2020,5,3,13,Ellis,32.482083,-97.026899
1/1/2020,3,12.5,52,Kaufman,32.564968,-96.317687
1/2/2020,3,5.1,21,Kaufman,32.564968,-96.317687
1/3/2020,3,5.6,23,Kaufman,32.564968,-96.317687
1/4/2020,3,8.4,35,Kaufman,32.564968,-96.317687
1/5/2020,3,6.6,28,Kaufman,32.564968,-96.317687
1/6/2020,3,11.1,46,Kaufman,32.564968,-96.317687
1/7/2020,3,16.6,60,Kaufman,32.564968,-96.317687
1/8/2020,3,14.7,56,Kaufman,32.564968,-96.317687
1/9/2020,3,11.1,46,Kaufman,32.564968,-96.317687
1/10/2020,3,10.1,42,Kaufman,32.564968,-96.317687
1/11/2020,3,4.8,20,Kaufman,32.564968,-96.317687
1/12/2020,3,5.2,22,Kaufman,32.564968,-96.317687
1/13/2020,3,9.5,40,Kaufman,32.564968,-96.317687
1/14/2020,3,8.3,35,Kaufman,32.564968,-96.317687
1/15/2020,3,10.4,43,Kaufman,32.564968,-96.317687
1/16/2020,3,6.5,27,Kaufman,32.564968,-96.317687
1/17/2020,3,9.9,41,Kaufman,32.564968,-96.317687
1/18/2020,3,6.4,27,Kaufman,32.564968,-96.317687
1/19/2020,3,2.8,12,Kaufman,32.564968,-96.317687
1/20/2020,3,5.3,22,Kaufman,32.564968,-96.317687
1/21/2020,3,8.2,34,Kaufman,32.564968,-96.317687
1/22/2020,3,2.8,12,Kaufman,32.564968,-96.317687
1/23/2020,3,2.1,9,Kaufman,32.564968,-96.317687
1/24/2020,3,2.4,10,Kaufman,32.564968,-96.317687
1/25/2020,3,4.3,18,Kaufman,32.564968,-96.317687
1/26/2020,3,5.3,22,Kaufman,32.564968,-96.317687
1/27/2020,3,7.1,30,Kaufman,32.564968,-96.317687
1/28/2020,3,4.4,18,Kaufman,32.564968,-96.317687
1/29/2020,3,1.3,5,Kaufman,32.564968,-96.317687
1/30/2020,3,1.9,8,Kaufman,32.564968,-96.317687
1/31/2020,3,3.9,16,Kaufman,32.564968,-96.317687
2/1/2020,3,5.9,25,Kaufman,32.564968,-96.317687
2/2/2020,3,4.7,20,Kaufman,32.564968,-96.317687
2/3/2020,3,6.7,28,Kaufman,32.564968,-96.317687
2/4/2020,3,5.5,23,Kaufman,32.564968,-96.317687
2/5/2020,3,3.4,14,Kaufman,32.564968,-96.317687
2/6/2020,3,4.8,20,Kaufman,32.564968,-96.317687
2/7/2020,3,5.9,25,Kaufman,32.564968,-96.317687
2/8/2020,3,7.1,30,Kaufman,32.564968,-96.317687
2/9/2020,3,6.5,27,Kaufman,32.564968,-96.317687
2/10/2020,3,6.5,27,Kaufman,32.564968,-96.317687
2/11/2020,3,4.4,18,Kaufman,32.564968,-96.317687
2/12/2020,3,3.4,14,Kaufman,32.564968,-96.317687
2/13/2020,3,3.8,16,Kaufman,32.564968,-96.317687
2/14/2020,3,3.4,14,Kaufman,32.564968,-96.317687
2/15/2020,3,5.6,23,Kaufman,32.564968,-96.317687
2/16/2020,3,7.8,33,Kaufman,32.564968,-96.317687
2/17/2020,3,5.9,25,Kaufman,32.564968,-96.317687
2/18/2020,3,7.4,31,Kaufman,32.564968,-96.317687
2/19/2020,3,4.1,17,Kaufman,32.564968,-96.317687
2/20/2020,3,4.8,20,Kaufman,32.564968,-96.317687
2/21/2020,3,3.7,15,Kaufman,32.564968,-96.317687
2/22/2020,3,5,21,Kaufman,32.564968,-96.317687
2/23/2020,3,5.3,22,Kaufman,32.564968,-96.317687
2/24/2020,3,3.7,15,Kaufman,32.564968,-96.317687
2/25/2020,3,4.4,18,Kaufman,32.564968,-96.317687
2/26/2020,3,3.8,16,Kaufman,32.564968,-96.317687
2/27/2020,3,3.8,16,Kaufman,32.564968,-96.317687
2/28/2020,3,5.1,21,Kaufman,32.564968,-96.317687
2/29/2020,3,4.7,20,Kaufman,32.564968,-96.317687
3/1/2020,3,5.2,22,Kaufman,32.564968,-96.317687
3/2/2020,3,9.4,39,Kaufman,32.564968,-96.317687
3/3/2020,3,12,50,Kaufman,32.564968,-96.317687
3/4/2020,3,7.2,30,Kaufman,32.564968,-96.317687
3/5/2020,3,5.3,22,Kaufman,32.564968,-96.317687
3/6/2020,3,5.3,22,Kaufman,32.564968,-96.317687
3/7/2020,3,5.3,22,Kaufman,32.564968,-96.317687
3/8/2020,3,7.1,30,Kaufman,32.564968,-96.317687
3/9/2020,3,5.8,24,Kaufman,32.564968,-96.317687
3/10/2020,3,6.2,26,Kaufman,32.564968,-96.317687
3/11/2020,3,9.4,39,Kaufman,32.564968,-96.317687
3/12/2020,3,7.7,32,Kaufman,32.564968,-96.317687
3/13/2020,3,8.4,35,Kaufman,32.564968,-96.317687
3/14/2020,3,6.4,27,Kaufman,32.564968,-96.317687
3/15/2020,3,3,13,Kaufman,32.564968,-96.317687
3/16/2020,3,8.5,35,Kaufman,32.564968,-96.317687
3/17/2020,3,10.9,45,Kaufman,32.564968,-96.317687
3/18/2020,3,8.2,34,Kaufman,32.564968,-96.317687
3/19/2020,3,9.2,38,Kaufman,32.564968,-96.317687
3/20/2020,3,3.4,14,Kaufman,32.564968,-96.317687
3/21/2020,3,3.7,15,Kaufman,32.564968,-96.317687
3/22/2020,3,6.2,26,Kaufman,32.564968,-96.317687
3/23/2020,3,6.5,27,Kaufman,32.564968,-96.317687
3/24/2020,3,6,25,Kaufman,32.564968,-96.317687
3/25/2020,3,6.1,25,Kaufman,32.564968,-96.317687
3/26/2020,3,14.3,56,Kaufman,32.564968,-96.317687
3/27/2020,3,12.3,51,Kaufman,32.564968,-96.317687
3/28/2020,3,7.2,30,Kaufman,32.564968,-96.317687
3/29/2020,3,5,21,Kaufman,32.564968,-96.317687
3/30/2020,3,4.8,20,Kaufman,32.564968,-96.317687
3/31/2020,3,2.2,9,Kaufman,32.564968,-96.317687
4/1/2020,3,3.9,16,Kaufman,32.564968,-96.317687
4/2/2020,3,7.5,31,Kaufman,32.564968,-96.317687
4/3/2020,3,3.3,14,Kaufman,32.564968,-96.317687
4/4/2020,3,2.5,10,Kaufman,32.564968,-96.317687
4/5/2020,3,6.8,28,Kaufman,32.564968,-96.317687
4/6/2020,3,9.9,41,Kaufman,32.564968,-96.317687
4/7/2020,3,7.8,33,Kaufman,32.564968,-96.317687
4/8/2020,3,12.8,52,Kaufman,32.564968,-96.317687
4/9/2020,3,10.9,45,Kaufman,32.564968,-96.317687
4/10/2020,3,6.6,28,Kaufman,32.564968,-96.317687
4/11/2020,3,8.1,34,Kaufman,32.564968,-96.317687
4/12/2020,3,6.8,28,Kaufman,32.564968,-96.317687
4/13/2020,3,3.1,13,Kaufman,32.564968,-96.317687
4/14/2020,3,4,17,Kaufman,32.564968,-96.317687
4/15/2020,3,4.3,18,Kaufman,32.564968,-96.317687
4/16/2020,3,6.3,26,Kaufman,32.564968,-96.317687
4/17/2020,3,7.1,30,Kaufman,32.564968,-96.317687
4/18/2020,3,6.8,28,Kaufman,32.564968,-96.317687
4/19/2020,3,7.5,31,Kaufman,32.564968,-96.317687
4/20/2020,3,5.3,22,Kaufman,32.564968,-96.317687
4/21/2020,3,9.8,41,Kaufman,32.564968,-96.317687
4/22/2020,3,8,33,Kaufman,32.564968,-96.317687
4/23/2020,3,3.8,16,Kaufman,32.564968,-96.317687
4/24/2020,3,6.5,27,Kaufman,32.564968,-96.317687
4/25/2020,3,5.1,21,Kaufman,32.564968,-96.317687
4/26/2020,3,7.6,32,Kaufman,32.564968,-96.317687
4/27/2020,3,7.8,33,Kaufman,32.564968,-96.317687
4/28/2020,3,10,42,Kaufman,32.564968,-96.317687
4/29/2020,3,3.3,14,Kaufman,32.564968,-96.317687
4/30/2020,3,5.8,24,Kaufman,32.564968,-96.317687
5/1/2020,3,6.5,27,Kaufman,32.564968,-96.317687
5/2/2020,3,6.4,27,Kaufman,32.564968,-96.317687
5/3/2020,3,6.1,25,Kaufman,32.564968,-96.317687
5/4/2020,3,10.1,42,Kaufman,32.564968,-96.317687
5/5/2020,3,5.7,24,Kaufman,32.564968,-96.317687
5/6/2020,3,3.8,16,Kaufman,32.564968,-96.317687
5/7/2020,3,5.7,24,Kaufman,32.564968,-96.317687
5/8/2020,3,5.2,22,Kaufman,32.564968,-96.317687
5/9/2020,3,5.8,24,Kaufman,32.564968,-96.317687
5/10/2020,3,7.6,32,Kaufman,32.564968,-96.317687
5/11/2020,3,6.5,27,Kaufman,32.564968,-96.317687
5/12/2020,3,7.1,30,Kaufman,32.564968,-96.317687
5/13/2020,3,5.3,22,Kaufman,32.564968,-96.317687
5/14/2020,3,6.5,27,Kaufman,32.564968,-96.317687
5/15/2020,3,5.9,25,Kaufman,32.564968,-96.317687
5/16/2020,3,3.1,13,Kaufman,32.564968,-96.317687
5/17/2020,3,4.2,18,Kaufman,32.564968,-96.317687
5/18/2020,3,5.5,23,Kaufman,32.564968,-96.317687
5/19/2020,3,8.1,34,Kaufman,32.564968,-96.317687
5/20/2020,3,10,42,Kaufman,32.564968,-96.317687
5/21/2020,3,14,55,Kaufman,32.564968,-96.317687
5/22/2020,3,10.4,43,Kaufman,32.564968,-96.317687
5/23/2020,3,7.4,31,Kaufman,32.564968,-96.317687
5/24/2020,3,5.4,23,Kaufman,32.564968,-96.317687
5/25/2020,3,2.5,10,Kaufman,32.564968,-96.317687
5/26/2020,3,3,13,Kaufman,32.564968,-96.317687
5/27/2020,3,4.3,18,Kaufman,32.564968,-96.317687
5/28/2020,3,5.9,25,Kaufman,32.564968,-96.317687
5/29/2020,3,4.8,20,Kaufman,32.564968,-96.317687
5/30/2020,3,7.1,30,Kaufman,32.564968,-96.317687
5/31/2020,3,8.3,35,Kaufman,32.564968,-96.317687
6/1/2020,3,8.5,35,Kaufman,32.564968,-96.317687
6/2/2020,3,10.9,45,Kaufman,32.564968,-96.317687
6/3/2020,3,9.5,40,Kaufman,32.564968,-96.317687
6/4/2020,3,5.6,23,Kaufman,32.564968,-96.317687
6/5/2020,3,7.4,31,Kaufman,32.564968,-96.317687
6/6/2020,3,8.6,36,Kaufman,32.564968,-96.317687
6/7/2020,3,7.4,31,Kaufman,32.564968,-96.317687
6/8/2020,3,7,29,Kaufman,32.564968,-96.317687
6/9/2020,3,9.3,39,Kaufman,32.564968,-96.317687
6/13/2020,3,7.4,31,Kaufman,32.564968,-96.317687
6/14/2020,3,9.3,39,Kaufman,32.564968,-96.317687
6/15/2020,3,10.8,45,Kaufman,32.564968,-96.317687
6/16/2020,3,8,33,Kaufman,32.564968,-96.317687
6/17/2020,3,7.5,31,Kaufman,32.564968,-96.317687
6/18/2020,3,7.4,31,Kaufman,32.564968,-96.317687
6/19/2020,3,5.9,25,Kaufman,32.564968,-96.317687
6/20/2020,3,4.5,19,Kaufman,32.564968,-96.317687
6/21/2020,3,4.2,18,Kaufman,32.564968,-96.317687
6/22/2020,3,5.9,25,Kaufman,32.564968,-96.317687
6/23/2020,3,5.4,23,Kaufman,32.564968,-96.317687
6/24/2020,3,6.1,25,Kaufman,32.564968,-96.317687
6/25/2020,3,6.5,27,Kaufman,32.564968,-96.317687
6/26/2020,3,28.5,85,Kaufman,32.564968,-96.317687
6/27/2020,3,32,93,Kaufman,32.564968,-96.317687
6/28/2020,3,13.5,54,Kaufman,32.564968,-96.317687
6/29/2020,3,11.5,48,Kaufman,32.564968,-96.317687
6/30/2020,3,18.5,64,Kaufman,32.564968,-96.317687
7/1/2020,3,17.9,63,Kaufman,32.564968,-96.317687
7/2/2020,3,20.6,69,Kaufman,32.564968,-96.317687
7/3/2020,3,20,68,Kaufman,32.564968,-96.317687
7/4/2020,3,17.1,62,Kaufman,32.564968,-96.317687
7/5/2020,3,18.3,64,Kaufman,32.564968,-96.317687
7/6/2020,3,7.5,31,Kaufman,32.564968,-96.317687
7/7/2020,3,6,25,Kaufman,32.564968,-96.317687
7/8/2020,3,15.4,58,Kaufman,32.564968,-96.317687
7/9/2020,3,16.8,61,Kaufman,32.564968,-96.317687
7/10/2020,3,10.8,45,Kaufman,32.564968,-96.317687
7/11/2020,3,8.2,34,Kaufman,32.564968,-96.317687
7/12/2020,3,5.8,24,Kaufman,32.564968,-96.317687
7/13/2020,3,10.3,43,Kaufman,32.564968,-96.317687
7/14/2020,3,15.6,58,Kaufman,32.564968,-96.317687
7/15/2020,3,14.3,56,Kaufman,32.564968,-96.317687
7/16/2020,3,20.9,70,Kaufman,32.564968,-96.317687
7/17/2020,3,15.4,58,Kaufman,32.564968,-96.317687
7/18/2020,3,8.2,34,Kaufman,32.564968,-96.317687
7/19/2020,3,8.4,35,Kaufman,32.564968,-96.317687
7/20/2020,3,6.8,28,Kaufman,32.564968,-96.317687
7/21/2020,3,4.3,18,Kaufman,32.564968,-96.317687
7/22/2020,3,6.3,26,Kaufman,32.564968,-96.317687
7/23/2020,3,6.4,27,Kaufman,32.564968,-96.317687
7/24/2020,3,5.3,22,Kaufman,32.564968,-96.317687
7/25/2020,3,4.7,20,Kaufman,32.564968,-96.317687
7/26/2020,3,4.3,18,Kaufman,32.564968,-96.317687
1/1/2020,3,15.6,58,Tarrant,32.80581,-97.356529
1/2/2020,3,10.3,43,Tarrant,32.80581,-97.356529
1/3/2020,3,6.2,26,Tarrant,32.80581,-97.356529
1/4/2020,3,11.5,48,Tarrant,32.80581,-97.356529
1/5/2020,3,7,29,Tarrant,32.80581,-97.356529
1/6/2020,3,6.5,27,Tarrant,32.80581,-97.356529
1/7/2020,3,7.1,30,Tarrant,32.80581,-97.356529
1/8/2020,3,10.7,45,Tarrant,32.80581,-97.356529
1/9/2020,3,8,33,Tarrant,32.80581,-97.356529
1/10/2020,3,7.8,33,Tarrant,32.80581,-97.356529
1/11/2020,3,9.1,38,Tarrant,32.80581,-97.356529
1/12/2020,3,10.8,45,Tarrant,32.80581,-97.356529
1/13/2020,3,14.3,56,Tarrant,32.80581,-97.356529
1/14/2020,3,10.5,44,Tarrant,32.80581,-97.356529
1/15/2020,3,10.7,45,Tarrant,32.80581,-97.356529
1/16/2020,3,12.7,52,Tarrant,32.80581,-97.356529
1/17/2020,3,7.6,32,Tarrant,32.80581,-97.356529
1/18/2020,3,4.5,19,Tarrant,32.80581,-97.356529
1/19/2020,3,5.5,23,Tarrant,32.80581,-97.356529
1/20/2020,3,12,50,Tarrant,32.80581,-97.356529
1/21/2020,3,14.9,57,Tarrant,32.80581,-97.356529
1/22/2020,3,10.9,45,Tarrant,32.80581,-97.356529
1/23/2020,3,6.6,28,Tarrant,32.80581,-97.356529
1/24/2020,3,8,33,Tarrant,32.80581,-97.356529
1/25/2020,3,10.7,45,Tarrant,32.80581,-97.356529
1/26/2020,3,9.2,38,Tarrant,32.80581,-97.356529
1/27/2020,3,13.7,54,Tarrant,32.80581,-97.356529
1/28/2020,3,6.8,28,Tarrant,32.80581,-97.356529
1/29/2020,3,7.1,30,Tarrant,32.80581,-97.356529
1/30/2020,3,8.3,35,Tarrant,32.80581,-97.356529
1/31/2020,3,7.5,31,Tarrant,32.80581,-97.356529
2/1/2020,3,9.5,40,Tarrant,32.80581,-97.356529
2/2/2020,3,5.7,24,Tarrant,32.80581,-97.356529
2/3/2020,3,8.8,37,Tarrant,32.80581,-97.356529
2/4/2020,3,9,38,Tarrant,32.80581,-97.356529
2/5/2020,3,7.4,31,Tarrant,32.80581,-97.356529
2/6/2020,3,7.3,30,Tarrant,32.80581,-97.356529
2/7/2020,3,7.4,31,Tarrant,32.80581,-97.356529
2/8/2020,3,10,42,Tarrant,32.80581,-97.356529
2/9/2020,3,7.7,32,Tarrant,32.80581,-97.356529
2/10/2020,3,7.8,33,Tarrant,32.80581,-97.356529
2/11/2020,3,9.7,40,Tarrant,32.80581,-97.356529
2/12/2020,3,5.8,24,Tarrant,32.80581,-97.356529
2/13/2020,3,8.4,35,Tarrant,32.80581,-97.356529
2/14/2020,3,8.3,35,Tarrant,32.80581,-97.356529
2/15/2020,3,10.7,45,Tarrant,32.80581,-97.356529
2/16/2020,3,8.6,36,Tarrant,32.80581,-97.356529
2/17/2020,3,9.3,39,Tarrant,32.80581,-97.356529
2/18/2020,3,7.4,31,Tarrant,32.80581,-97.356529
2/19/2020,3,7.7,32,Tarrant,32.80581,-97.356529
2/20/2020,3,6.2,26,Tarrant,32.80581,-97.356529
2/21/2020,3,9.9,41,Tarrant,32.80581,-97.356529
2/22/2020,3,10.5,44,Tarrant,32.80581,-97.356529
2/23/2020,3,10.8,45,Tarrant,32.80581,-97.356529
2/24/2020,3,4,17,Tarrant,32.80581,-97.356529
2/25/2020,3,4.2,18,Tarrant,32.80581,-97.356529
2/26/2020,3,5,21,Tarrant,32.80581,-97.356529
2/27/2020,3,6.1,25,Tarrant,32.80581,-97.356529
2/28/2020,3,7.4,31,Tarrant,32.80581,-97.356529
2/29/2020,3,8.8,37,Tarrant,32.80581,-97.356529
3/1/2020,3,7.2,30,Tarrant,32.80581,-97.356529
3/2/2020,3,9.7,40,Tarrant,32.80581,-97.356529
3/3/2020,3,13,53,Tarrant,32.80581,-97.356529
3/4/2020,3,10.4,43,Tarrant,32.80581,-97.356529
3/5/2020,3,6.9,29,Tarrant,32.80581,-97.356529
3/6/2020,3,6.3,26,Tarrant,32.80581,-97.356529
3/7/2020,3,11.5,48,Tarrant,32.80581,-97.356529
3/8/2020,3,14,55,Tarrant,32.80581,-97.356529
3/9/2020,3,6.7,28,Tarrant,32.80581,-97.356529
3/10/2020,3,8.3,35,Tarrant,32.80581,-97.356529
3/11/2020,3,11.3,47,Tarrant,32.80581,-97.356529
3/12/2020,3,11.5,48,Tarrant,32.80581,-97.356529
3/13/2020,3,9.4,39,Tarrant,32.80581,-97.356529
3/14/2020,3,7.7,32,Tarrant,32.80581,-97.356529
3/15/2020,3,6.4,27,Tarrant,32.80581,-97.356529
3/16/2020,3,10.5,44,Tarrant,32.80581,-97.356529
3/17/2020,3,23.7,75,Tarrant,32.80581,-97.356529
3/18/2020,3,10.9,45,Tarrant,32.80581,-97.356529
3/19/2020,3,10.8,45,Tarrant,32.80581,-97.356529
3/20/2020,3,5.3,22,Tarrant,32.80581,-97.356529
3/21/2020,3,8.2,34,Tarrant,32.80581,-97.356529
3/22/2020,3,8.1,34,Tarrant,32.80581,-97.356529
3/23/2020,3,11.7,49,Tarrant,32.80581,-97.356529
3/24/2020,3,7.9,33,Tarrant,32.80581,-97.356529
3/25/2020,3,12,50,Tarrant,32.80581,-97.356529
3/26/2020,3,20.2,68,Tarrant,32.80581,-97.356529
3/27/2020,3,17.5,62,Tarrant,32.80581,-97.356529
3/28/2020,3,8,33,Tarrant,32.80581,-97.356529
3/29/2020,3,7.6,32,Tarrant,32.80581,-97.356529
3/30/2020,3,8.3,35,Tarrant,32.80581,-97.356529
3/31/2020,3,4.8,20,Tarrant,32.80581,-97.356529
4/1/2020,3,8.2,34,Tarrant,32.80581,-97.356529
4/2/2020,3,9,38,Tarrant,32.80581,-97.356529
4/3/2020,3,7.9,33,Tarrant,32.80581,-97.356529
4/4/2020,3,8.9,37,Tarrant,32.80581,-97.356529
4/5/2020,3,13.7,54,Tarrant,32.80581,-97.356529
4/6/2020,3,17.5,62,Tarrant,32.80581,-97.356529
4/7/2020,3,12.7,52,Tarrant,32.80581,-97.356529
4/8/2020,3,9.2,38,Tarrant,32.80581,-97.356529
4/9/2020,3,14.1,55,Tarrant,32.80581,-97.356529
4/10/2020,3,12.5,52,Tarrant,32.80581,-97.356529
4/11/2020,3,13.3,54,Tarrant,32.80581,-97.356529
4/12/2020,3,7.4,31,Tarrant,32.80581,-97.356529
4/13/2020,3,5.6,23,Tarrant,32.80581,-97.356529
4/14/2020,3,5.8,24,Tarrant,32.80581,-97.356529
4/15/2020,3,9,38,Tarrant,32.80581,-97.356529
4/16/2020,3,9.5,40,Tarrant,32.80581,-97.356529
4/17/2020,3,7.2,30,Tarrant,32.80581,-97.356529
4/18/2020,3,11.1,46,Tarrant,32.80581,-97.356529
4/19/2020,3,10.4,43,Tarrant,32.80581,-97.356529
4/20/2020,3,10.1,42,Tarrant,32.80581,-97.356529
4/21/2020,3,14,55,Tarrant,32.80581,-97.356529
4/22/2020,3,7.9,33,Tarrant,32.80581,-97.356529
4/23/2020,3,6.2,26,Tarrant,32.80581,-97.356529
4/24/2020,3,6.2,26,Tarrant,32.80581,-97.356529
4/25/2020,3,6.4,27,Tarrant,32.80581,-97.356529
4/26/2020,3,10.7,45,Tarrant,32.80581,-97.356529
4/27/2020,3,9.6,40,Tarrant,32.80581,-97.356529
4/28/2020,3,11.1,46,Tarrant,32.80581,-97.356529
4/29/2020,3,4,17,Tarrant,32.80581,-97.356529
4/30/2020,3,7,29,Tarrant,32.80581,-97.356529
5/1/2020,3,6.6,28,Tarrant,32.80581,-97.356529
5/2/2020,3,8.1,34,Tarrant,32.80581,-97.356529
5/3/2020,3,8.8,37,Tarrant,32.80581,-97.356529
5/4/2020,3,11.1,46,Tarrant,32.80581,-97.356529
5/5/2020,3,5.9,25,Tarrant,32.80581,-97.356529
5/6/2020,3,7.3,30,Tarrant,32.80581,-97.356529
5/7/2020,3,10.3,43,Tarrant,32.80581,-97.356529
5/8/2020,3,5,21,Tarrant,32.80581,-97.356529
5/9/2020,3,8.5,35,Tarrant,32.80581,-97.356529
5/10/2020,3,12,50,Tarrant,32.80581,-97.356529
5/11/2020,3,9.9,41,Tarrant,32.80581,-97.356529
5/12/2020,3,7.9,33,Tarrant,32.80581,-97.356529
5/13/2020,3,7.6,32,Tarrant,32.80581,-97.356529
5/14/2020,3,8.2,34,Tarrant,32.80581,-97.356529
5/15/2020,3,7.7,32,Tarrant,32.80581,-97.356529
5/16/2020,3,4.7,20,Tarrant,32.80581,-97.356529
5/17/2020,3,4.5,19,Tarrant,32.80581,-97.356529
5/18/2020,3,8.3,35,Tarrant,32.80581,-97.356529
5/19/2020,3,10.5,44,Tarrant,32.80581,-97.356529
5/20/2020,3,14.4,56,Tarrant,32.80581,-97.356529
5/21/2020,3,18.2,64,Tarrant,32.80581,-97.356529
5/22/2020,3,14.8,57,Tarrant,32.80581,-97.356529
5/23/2020,3,10,42,Tarrant,32.80581,-97.356529
5/24/2020,3,5.4,23,Tarrant,32.80581,-97.356529
5/25/2020,3,5.1,21,Tarrant,32.80581,-97.356529
5/26/2020,3,4.4,18,Tarrant,32.80581,-97.356529
5/27/2020,3,8.5,35,Tarrant,32.80581,-97.356529
5/28/2020,3,6.2,26,Tarrant,32.80581,-97.356529
5/29/2020,3,7.3,30,Tarrant,32.80581,-97.356529
5/30/2020,3,9,38,Tarrant,32.80581,-97.356529
5/31/2020,3,11,46,Tarrant,32.80581,-97.356529
6/1/2020,3,14.5,56,Tarrant,32.80581,-97.356529
6/2/2020,3,13,53,Tarrant,32.80581,-97.356529
6/3/2020,3,10.2,43,Tarrant,32.80581,-97.356529
6/4/2020,3,7.2,30,Tarrant,32.80581,-97.356529
6/5/2020,3,9.3,39,Tarrant,32.80581,-97.356529
6/6/2020,3,11.5,48,Tarrant,32.80581,-97.356529
6/7/2020,3,10.9,45,Tarrant,32.80581,-97.356529
6/8/2020,3,11.9,50,Tarrant,32.80581,-97.356529
6/9/2020,3,12.9,53,Tarrant,32.80581,-97.356529
6/11/2020,3,11.7,49,Tarrant,32.80581,-97.356529
6/12/2020,3,13.7,54,Tarrant,32.80581,-97.356529
6/13/2020,3,13.3,54,Tarrant,32.80581,-97.356529
6/14/2020,3,12.7,52,Tarrant,32.80581,-97.356529
6/15/2020,3,14.3,56,Tarrant,32.80581,-97.356529
6/16/2020,3,9.8,41,Tarrant,32.80581,-97.356529
6/17/2020,3,9.2,38,Tarrant,32.80581,-97.356529
6/18/2020,3,8.5,35,Tarrant,32.80581,-97.356529
6/19/2020,3,7.4,31,Tarrant,32.80581,-97.356529
6/20/2020,3,6.8,28,Tarrant,32.80581,-97.356529
6/21/2020,3,6.3,26,Tarrant,32.80581,-97.356529
6/22/2020,3,7.2,30,Tarrant,32.80581,-97.356529
6/23/2020,3,6,25,Tarrant,32.80581,-97.356529
6/24/2020,3,8.4,35,Tarrant,32.80581,-97.356529
6/25/2020,3,11.2,47,Tarrant,32.80581,-97.356529
6/26/2020,3,22.8,74,Tarrant,32.80581,-97.356529
6/27/2020,3,50,137,Tarrant,32.80581,-97.356529
6/28/2020,3,22,72,Tarrant,32.80581,-97.356529
6/29/2020,3,15.3,58,Tarrant,32.80581,-97.356529
6/30/2020,3,22,72,Tarrant,32.80581,-97.356529
7/1/2020,3,20.8,69,Tarrant,32.80581,-97.356529
7/2/2020,3,22.8,74,Tarrant,32.80581,-97.356529
7/3/2020,3,27.2,83,Tarrant,32.80581,-97.356529
7/4/2020,3,29,87,Tarrant,32.80581,-97.356529
7/5/2020,3,26.5,81,Tarrant,32.80581,-97.356529
7/6/2020,3,9.3,39,Tarrant,32.80581,-97.356529
7/7/2020,3,11.7,49,Tarrant,32.80581,-97.356529
7/8/2020,3,18.2,64,Tarrant,32.80581,-97.356529
7/9/2020,3,19.5,67,Tarrant,32.80581,-97.356529
7/10/2020,3,12.2,51,Tarrant,32.80581,-97.356529
7/11/2020,3,10.8,45,Tarrant,32.80581,-97.356529
7/12/2020,3,7.4,31,Tarrant,32.80581,-97.356529
7/13/2020,3,12.2,51,Tarrant,32.80581,-97.356529
7/14/2020,3,16.4,60,Tarrant,32.80581,-97.356529
7/15/2020,3,16.6,60,Tarrant,32.80581,-97.356529
7/16/2020,3,25.1,78,Tarrant,32.80581,-97.356529
7/17/2020,3,17.7,63,Tarrant,32.80581,-97.356529
7/18/2020,3,11.7,49,Tarrant,32.80581,-97.356529
7/19/2020,3,12.6,52,Tarrant,32.80581,-97.356529
7/20/2020,3,8.8,37,Tarrant,32.80581,-97.356529
7/21/2020,3,6.3,26,Tarrant,32.80581,-97.356529
7/22/2020,3,8,33,Tarrant,32.80581,-97.356529
7/23/2020,3,8.1,34,Tarrant,32.80581,-97.356529
1/1/2020,2,10.2,43,Tarrant,32.759154,-97.342332
1/2/2020,2,7,29,Tarrant,32.759154,-97.342332
1/3/2020,2,4.2,18,Tarrant,32.759154,-97.342332
1/4/2020,2,6.4,27,Tarrant,32.759154,-97.342332
1/5/2020,2,5.6,23,Tarrant,32.759154,-97.342332
1/6/2020,2,5.4,23,Tarrant,32.759154,-97.342332
1/7/2020,2,4.3,18,Tarrant,32.759154,-97.342332
1/8/2020,2,6.2,26,Tarrant,32.759154,-97.342332
1/9/2020,2,5.2,22,Tarrant,32.759154,-97.342332
1/16/2020,2,8.5,35,Tarrant,32.759154,-97.342332
1/17/2020,2,4.8,20,Tarrant,32.759154,-97.342332
1/18/2020,2,3.5,15,Tarrant,32.759154,-97.342332
1/19/2020,2,6.4,27,Tarrant,32.759154,-97.342332
1/20/2020,2,10.7,45,Tarrant,32.759154,-97.342332
1/21/2020,2,13,53,Tarrant,32.759154,-97.342332
1/22/2020,2,7.9,33,Tarrant,32.759154,-97.342332
1/23/2020,2,4,17,Tarrant,32.759154,-97.342332
1/24/2020,2,4.7,20,Tarrant,32.759154,-97.342332
1/25/2020,2,5.7,24,Tarrant,32.759154,-97.342332
1/26/2020,2,5.8,24,Tarrant,32.759154,-97.342332
1/27/2020,2,12.1,51,Tarrant,32.759154,-97.342332
1/28/2020,2,4.1,17,Tarrant,32.759154,-97.342332
1/29/2020,2,3.9,16,Tarrant,32.759154,-97.342332
1/30/2020,2,5.8,24,Tarrant,32.759154,-97.342332
1/31/2020,2,6.5,27,Tarrant,32.759154,-97.342332
2/1/2020,2,6.4,27,Tarrant,32.759154,-97.342332
2/2/2020,2,3.2,13,Tarrant,32.759154,-97.342332
2/3/2020,2,6.1,25,Tarrant,32.759154,-97.342332
2/4/2020,2,7.3,30,Tarrant,32.759154,-97.342332
2/5/2020,2,4,17,Tarrant,32.759154,-97.342332
2/6/2020,2,7.2,30,Tarrant,32.759154,-97.342332
2/7/2020,2,7.3,30,Tarrant,32.759154,-97.342332
2/8/2020,2,8.4,35,Tarrant,32.759154,-97.342332
2/9/2020,2,4.3,18,Tarrant,32.759154,-97.342332
2/10/2020,2,6,25,Tarrant,32.759154,-97.342332
2/11/2020,2,7.6,32,Tarrant,32.759154,-97.342332
2/12/2020,2,4.3,18,Tarrant,32.759154,-97.342332
2/13/2020,2,6,25,Tarrant,32.759154,-97.342332
2/14/2020,2,6.1,25,Tarrant,32.759154,-97.342332
2/15/2020,2,8.2,34,Tarrant,32.759154,-97.342332
2/16/2020,2,6.1,25,Tarrant,32.759154,-97.342332
2/17/2020,2,8.3,35,Tarrant,32.759154,-97.342332
2/18/2020,2,5.4,23,Tarrant,32.759154,-97.342332
2/19/2020,2,5.8,24,Tarrant,32.759154,-97.342332
2/20/2020,2,4.8,20,Tarrant,32.759154,-97.342332
2/21/2020,2,8.6,36,Tarrant,32.759154,-97.342332
2/22/2020,2,7.1,30,Tarrant,32.759154,-97.342332
2/23/2020,2,8,33,Tarrant,32.759154,-97.342332
2/28/2020,2,15,57,Tarrant,32.759154,-97.342332
2/29/2020,2,8.2,34,Tarrant,32.759154,-97.342332
3/1/2020,2,5,21,Tarrant,32.759154,-97.342332
3/2/2020,2,8.3,35,Tarrant,32.759154,-97.342332
3/3/2020,2,12,50,Tarrant,32.759154,-97.342332
3/4/2020,2,7.2,30,Tarrant,32.759154,-97.342332
3/7/2020,2,8.2,34,Tarrant,32.759154,-97.342332
3/8/2020,2,10.7,45,Tarrant,32.759154,-97.342332
3/9/2020,2,5.6,23,Tarrant,32.759154,-97.342332
3/10/2020,2,6.9,29,Tarrant,32.759154,-97.342332
3/11/2020,2,9.9,41,Tarrant,32.759154,-97.342332
3/12/2020,2,10,42,Tarrant,32.759154,-97.342332
3/13/2020,2,7.1,30,Tarrant,32.759154,-97.342332
3/14/2020,2,7.1,30,Tarrant,32.759154,-97.342332
3/15/2020,2,3.9,16,Tarrant,32.759154,-97.342332
3/16/2020,2,8.2,34,Tarrant,32.759154,-97.342332
3/17/2020,2,21.7,71,Tarrant,32.759154,-97.342332
3/18/2020,2,9.1,38,Tarrant,32.759154,-97.342332
3/19/2020,2,8.9,37,Tarrant,32.759154,-97.342332
3/20/2020,2,3.9,16,Tarrant,32.759154,-97.342332
3/21/2020,2,5.6,23,Tarrant,32.759154,-97.342332
3/22/2020,2,5.3,22,Tarrant,32.759154,-97.342332
3/23/2020,2,9.1,38,Tarrant,32.759154,-97.342332
3/24/2020,2,7.2,30,Tarrant,32.759154,-97.342332
3/25/2020,2,11.4,48,Tarrant,32.759154,-97.342332
3/26/2020,2,18.2,64,Tarrant,32.759154,-97.342332
3/27/2020,2,16.3,60,Tarrant,32.759154,-97.342332
3/28/2020,2,6.7,28,Tarrant,32.759154,-97.342332
3/29/2020,2,5.6,23,Tarrant,32.759154,-97.342332
3/30/2020,2,6.2,26,Tarrant,32.759154,-97.342332
3/31/2020,2,2.6,11,Tarrant,32.759154,-97.342332
1/1/2020,2,9.7,40,Tarrant,32.664753,-97.337917
1/2/2020,2,7.4,31,Tarrant,32.664753,-97.337917
1/3/2020,2,3.9,16,Tarrant,32.664753,-97.337917
1/4/2020,2,5.6,23,Tarrant,32.664753,-97.337917
1/5/2020,2,3.9,16,Tarrant,32.664753,-97.337917
1/6/2020,2,4.1,17,Tarrant,32.664753,-97.337917
1/7/2020,2,4.5,19,Tarrant,32.664753,-97.337917
1/8/2020,2,6.5,27,Tarrant,32.664753,-97.337917
1/9/2020,2,4.7,20,Tarrant,32.664753,-97.337917
1/10/2020,2,6,25,Tarrant,32.664753,-97.337917
1/11/2020,2,8.2,34,Tarrant,32.664753,-97.337917
1/12/2020,2,6.5,27,Tarrant,32.664753,-97.337917
1/13/2020,2,10.3,43,Tarrant,32.664753,-97.337917
1/14/2020,2,9.5,40,Tarrant,32.664753,-97.337917
1/15/2020,2,8.1,34,Tarrant,32.664753,-97.337917
1/16/2020,2,8.2,34,Tarrant,32.664753,-97.337917
1/17/2020,2,5.2,22,Tarrant,32.664753,-97.337917
1/18/2020,2,2.7,11,Tarrant,32.664753,-97.337917
1/19/2020,2,4.8,20,Tarrant,32.664753,-97.337917
1/20/2020,2,10.4,43,Tarrant,32.664753,-97.337917
1/21/2020,2,9.1,38,Tarrant,32.664753,-97.337917
1/22/2020,2,7.2,30,Tarrant,32.664753,-97.337917
1/23/2020,2,2.4,10,Tarrant,32.664753,-97.337917
1/24/2020,2,4.1,17,Tarrant,32.664753,-97.337917
1/25/2020,2,4.9,20,Tarrant,32.664753,-97.337917
1/26/2020,2,6.6,28,Tarrant,32.664753,-97.337917
1/27/2020,2,12.2,51,Tarrant,32.664753,-97.337917
1/29/2020,2,3.3,14,Tarrant,32.664753,-97.337917
1/30/2020,2,4.6,19,Tarrant,32.664753,-97.337917
1/31/2020,2,5.5,23,Tarrant,32.664753,-97.337917
2/1/2020,2,5.3,22,Tarrant,32.664753,-97.337917
2/2/2020,2,3,13,Tarrant,32.664753,-97.337917
2/3/2020,2,7.1,30,Tarrant,32.664753,-97.337917
2/4/2020,2,7.1,30,Tarrant,32.664753,-97.337917
2/5/2020,2,5,21,Tarrant,32.664753,-97.337917
2/6/2020,2,6.2,26,Tarrant,32.664753,-97.337917
2/7/2020,2,4.5,19,Tarrant,32.664753,-97.337917
2/8/2020,2,7.8,33,Tarrant,32.664753,-97.337917
2/9/2020,2,4.2,18,Tarrant,32.664753,-97.337917
2/10/2020,2,5.5,23,Tarrant,32.664753,-97.337917
2/11/2020,2,6.7,28,Tarrant,32.664753,-97.337917
2/12/2020,2,4.7,20,Tarrant,32.664753,-97.337917
2/13/2020,2,5.2,22,Tarrant,32.664753,-97.337917
2/14/2020,2,6.9,29,Tarrant,32.664753,-97.337917
2/15/2020,2,7.2,30,Tarrant,32.664753,-97.337917
2/16/2020,2,6.2,26,Tarrant,32.664753,-97.337917
2/17/2020,2,8.4,35,Tarrant,32.664753,-97.337917
2/18/2020,2,5.9,25,Tarrant,32.664753,-97.337917
2/19/2020,2,5.4,23,Tarrant,32.664753,-97.337917
2/20/2020,2,3.9,16,Tarrant,32.664753,-97.337917
2/21/2020,2,8.2,34,Tarrant,32.664753,-97.337917
2/22/2020,2,7.7,32,Tarrant,32.664753,-97.337917
2/23/2020,2,7.1,30,Tarrant,32.664753,-97.337917
2/24/2020,2,3.8,16,Tarrant,32.664753,-97.337917
2/25/2020,2,2,8,Tarrant,32.664753,-97.337917
2/26/2020,2,2.7,11,Tarrant,32.664753,-97.337917
2/27/2020,2,5,21,Tarrant,32.664753,-97.337917
2/28/2020,2,5.6,23,Tarrant,32.664753,-97.337917
2/29/2020,2,6.7,28,Tarrant,32.664753,-97.337917
3/1/2020,2,4.9,20,Tarrant,32.664753,-97.337917
3/2/2020,2,6.9,29,Tarrant,32.664753,-97.337917
3/3/2020,2,10,42,Tarrant,32.664753,-97.337917
3/4/2020,2,8.1,34,Tarrant,32.664753,-97.337917
3/5/2020,2,5.3,22,Tarrant,32.664753,-97.337917
3/6/2020,2,5.1,21,Tarrant,32.664753,-97.337917
3/7/2020,2,8.7,36,Tarrant,32.664753,-97.337917
3/8/2020,2,9.2,38,Tarrant,32.664753,-97.337917
3/9/2020,2,5.4,23,Tarrant,32.664753,-97.337917
3/10/2020,2,6.8,28,Tarrant,32.664753,-97.337917
3/11/2020,2,11.4,48,Tarrant,32.664753,-97.337917
3/12/2020,2,10.9,45,Tarrant,32.664753,-97.337917
3/13/2020,2,6.8,28,Tarrant,32.664753,-97.337917
3/14/2020,2,5.6,23,Tarrant,32.664753,-97.337917
3/15/2020,2,3.4,14,Tarrant,32.664753,-97.337917
3/16/2020,2,8,33,Tarrant,32.664753,-97.337917
3/17/2020,2,20,68,Tarrant,32.664753,-97.337917
3/18/2020,2,9.5,40,Tarrant,32.664753,-97.337917
3/19/2020,2,9.8,41,Tarrant,32.664753,-97.337917
3/21/2020,2,4.7,20,Tarrant,32.664753,-97.337917
3/22/2020,2,4.9,20,Tarrant,32.664753,-97.337917
3/23/2020,2,10.8,45,Tarrant,32.664753,-97.337917
3/24/2020,2,7.1,30,Tarrant,32.664753,-97.337917
3/25/2020,2,11.2,47,Tarrant,32.664753,-97.337917
3/26/2020,2,18.2,64,Tarrant,32.664753,-97.337917
3/27/2020,2,15.9,59,Tarrant,32.664753,-97.337917
3/28/2020,2,5.7,24,Tarrant,32.664753,-97.337917
3/29/2020,2,6.6,28,Tarrant,32.664753,-97.337917
3/30/2020,2,6.4,27,Tarrant,32.664753,-97.337917
3/31/2020,2,3.8,16,Tarrant,32.664753,-97.337917
4/1/2020,2,5.5,23,Tarrant,32.664753,-97.337917
4/2/2020,2,6.9,29,Tarrant,32.664753,-97.337917
4/3/2020,2,5.9,25,Tarrant,32.664753,-97.337917
4/4/2020,2,4.8,20,Tarrant,32.664753,-97.337917
4/5/2020,2,9.6,40,Tarrant,32.664753,-97.337917
4/6/2020,2,13.6,54,Tarrant,32.664753,-97.337917
4/7/2020,2,11.4,48,Tarrant,32.664753,-97.337917
4/8/2020,2,10.5,44,Tarrant,32.664753,-97.337917
4/9/2020,2,10.8,45,Tarrant,32.664753,-97.337917
4/10/2020,2,10.2,43,Tarrant,32.664753,-97.337917
4/11/2020,2,9.3,39,Tarrant,32.664753,-97.337917
4/12/2020,2,10.7,45,Tarrant,32.664753,-97.337917
4/13/2020,2,3.9,16,Tarrant,32.664753,-97.337917
4/14/2020,2,4.4,18,Tarrant,32.664753,-97.337917
4/15/2020,2,5.1,21,Tarrant,32.664753,-97.337917
4/16/2020,2,8,33,Tarrant,32.664753,-97.337917
4/17/2020,2,5.2,22,Tarrant,32.664753,-97.337917
4/18/2020,2,7.7,32,Tarrant,32.664753,-97.337917
4/19/2020,2,10.2,43,Tarrant,32.664753,-97.337917
4/20/2020,2,9,38,Tarrant,32.664753,-97.337917
4/21/2020,2,12.3,51,Tarrant,32.664753,-97.337917
4/22/2020,2,9.6,40,Tarrant,32.664753,-97.337917
4/23/2020,2,3.5,15,Tarrant,32.664753,-97.337917
4/24/2020,2,6.4,27,Tarrant,32.664753,-97.337917
4/25/2020,2,4,17,Tarrant,32.664753,-97.337917
4/28/2020,2,10,42,Tarrant,32.664753,-97.337917
4/29/2020,2,5.6,23,Tarrant,32.664753,-97.337917
4/30/2020,2,5.3,22,Tarrant,32.664753,-97.337917
5/1/2020,2,5.7,24,Tarrant,32.664753,-97.337917
5/2/2020,2,5.6,23,Tarrant,32.664753,-97.337917
5/3/2020,2,7.9,33,Tarrant,32.664753,-97.337917
5/4/2020,2,9.2,38,Tarrant,32.664753,-97.337917
5/5/2020,2,8.6,36,Tarrant,32.664753,-97.337917
5/6/2020,2,5.5,23,Tarrant,32.664753,-97.337917
5/7/2020,2,7.7,32,Tarrant,32.664753,-97.337917
5/12/2020,2,7.8,33,Tarrant,32.664753,-97.337917
5/13/2020,2,8,33,Tarrant,32.664753,-97.337917
5/14/2020,2,7.8,33,Tarrant,32.664753,-97.337917
5/15/2020,2,8.7,36,Tarrant,32.664753,-97.337917
5/16/2020,2,2.8,12,Tarrant,32.664753,-97.337917
5/17/2020,2,4.5,19,Tarrant,32.664753,-97.337917
5/18/2020,2,7.2,30,Tarrant,32.664753,-97.337917
5/19/2020,2,9.5,40,Tarrant,32.664753,-97.337917
5/20/2020,2,14,55,Tarrant,32.664753,-97.337917
5/21/2020,2,19.2,66,Tarrant,32.664753,-97.337917
5/22/2020,2,13.8,55,Tarrant,32.664753,-97.337917
5/23/2020,2,9.5,40,Tarrant,32.664753,-97.337917
5/24/2020,2,6.9,29,Tarrant,32.664753,-97.337917
5/25/2020,2,4,17,Tarrant,32.664753,-97.337917
5/26/2020,2,3.3,14,Tarrant,32.664753,-97.337917
5/27/2020,2,6.2,26,Tarrant,32.664753,-97.337917
5/28/2020,2,5.9,25,Tarrant,32.664753,-97.337917
5/29/2020,2,5.7,24,Tarrant,32.664753,-97.337917
5/30/2020,2,7.5,31,Tarrant,32.664753,-97.337917
5/31/2020,2,10,42,Tarrant,32.664753,-97.337917
6/1/2020,2,12.5,52,Tarrant,32.664753,-97.337917
6/2/2020,2,12.7,52,Tarrant,32.664753,-97.337917
6/3/2020,2,12.1,51,Tarrant,32.664753,-97.337917
6/4/2020,2,6.7,28,Tarrant,32.664753,-97.337917
6/5/2020,2,8.2,34,Tarrant,32.664753,-97.337917
6/6/2020,2,9.2,38,Tarrant,32.664753,-97.337917
6/7/2020,2,9.8,41,Tarrant,32.664753,-97.337917
6/8/2020,2,11.7,49,Tarrant,32.664753,-97.337917
6/9/2020,2,11.8,49,Tarrant,32.664753,-97.337917
6/11/2020,2,6.6,28,Tarrant,32.664753,-97.337917
6/12/2020,2,8.1,34,Tarrant,32.664753,-97.337917
6/13/2020,2,9.3,39,Tarrant,32.664753,-97.337917
6/14/2020,2,9.8,41,Tarrant,32.664753,-97.337917
6/15/2020,2,10.8,45,Tarrant,32.664753,-97.337917
6/16/2020,2,8.8,37,Tarrant,32.664753,-97.337917
6/17/2020,2,9.4,39,Tarrant,32.664753,-97.337917
6/18/2020,2,7.5,31,Tarrant,32.664753,-97.337917
6/19/2020,2,7.4,31,Tarrant,32.664753,-97.337917
6/20/2020,2,5.3,22,Tarrant,32.664753,-97.337917
6/21/2020,2,4.4,18,Tarrant,32.664753,-97.337917
6/22/2020,2,4.6,19,Tarrant,32.664753,-97.337917
6/23/2020,2,5.6,23,Tarrant,32.664753,-97.337917
6/24/2020,2,6.6,28,Tarrant,32.664753,-97.337917
6/25/2020,2,10.1,42,Tarrant,32.664753,-97.337917
6/26/2020,2,13.1,53,Tarrant,32.664753,-97.337917
6/27/2020,2,51.4,140,Tarrant,32.664753,-97.337917
6/28/2020,2,28.8,86,Tarrant,32.664753,-97.337917
6/29/2020,2,15.4,58,Tarrant,32.664753,-97.337917
6/30/2020,2,22,72,Tarrant,32.664753,-97.337917
7/1/2020,2,20.1,68,Tarrant,32.664753,-97.337917
7/2/2020,2,22.7,73,Tarrant,32.664753,-97.337917
7/3/2020,2,21.2,70,Tarrant,32.664753,-97.337917
7/4/2020,2,19.4,66,Tarrant,32.664753,-97.337917
7/5/2020,2,30.5,90,Tarrant,32.664753,-97.337917
7/6/2020,2,10.4,43,Tarrant,32.664753,-97.337917
7/7/2020,2,10,42,Tarrant,32.664753,-97.337917
7/8/2020,2,14,55,Tarrant,32.664753,-97.337917
7/9/2020,2,21,70,Tarrant,32.664753,-97.337917
7/10/2020,2,13.6,54,Tarrant,32.664753,-97.337917
7/11/2020,2,10.4,43,Tarrant,32.664753,-97.337917
7/12/2020,2,6.5,27,Tarrant,32.664753,-97.337917
7/13/2020,2,11.7,49,Tarrant,32.664753,-97.337917
7/14/2020,2,15.1,57,Tarrant,32.664753,-97.337917
7/15/2020,2,16.1,59,Tarrant,32.664753,-97.337917
7/16/2020,2,23.3,75,Tarrant,32.664753,-97.337917
7/17/2020,2,18.6,65,Tarrant,32.664753,-97.337917
7/18/2020,2,13.4,54,Tarrant,32.664753,-97.337917
7/19/2020,2,11.1,46,Tarrant,32.664753,-97.337917
7/20/2020,2,9.3,39,Tarrant,32.664753,-97.337917
7/21/2020,2,6.2,26,Tarrant,32.664753,-97.337917
7/22/2020,2,5.5,23,Tarrant,32.664753,-97.337917
7/23/2020,2,6.7,28,Tarrant,32.664753,-97.337917
7/24/2020,2,8.8,37,Tarrant,32.664753,-97.337917
7/25/2020,2,6.5,27,Tarrant,32.664753,-97.337917
7/26/2020,2,6.6,28,Tarrant,32.664753,-97.337917
1/1/2020,3,9.9,41,Tarrant,32.664753,-97.337917
1/2/2020,3,7.3,30,Tarrant,32.664753,-97.337917
1/3/2020,3,3.4,14,Tarrant,32.664753,-97.337917
1/4/2020,3,5.8,24,Tarrant,32.664753,-97.337917
1/5/2020,3,5.2,22,Tarrant,32.664753,-97.337917
1/6/2020,3,4.9,20,Tarrant,32.664753,-97.337917
1/7/2020,3,4.3,18,Tarrant,32.664753,-97.337917
1/8/2020,3,7,29,Tarrant,32.664753,-97.337917
1/9/2020,3,5.1,21,Tarrant,32.664753,-97.337917
1/10/2020,3,6.5,27,Tarrant,32.664753,-97.337917
1/11/2020,3,9.1,38,Tarrant,32.664753,-97.337917
1/12/2020,3,6.7,28,Tarrant,32.664753,-97.337917
1/14/2020,3,10,42,Tarrant,32.664753,-97.337917
1/15/2020,3,9.1,38,Tarrant,32.664753,-97.337917
1/16/2020,3,9.1,38,Tarrant,32.664753,-97.337917
1/17/2020,3,6.7,28,Tarrant,32.664753,-97.337917
1/18/2020,3,4.7,20,Tarrant,32.664753,-97.337917
1/19/2020,3,6.3,26,Tarrant,32.664753,-97.337917
1/20/2020,3,10.5,44,Tarrant,32.664753,-97.337917
1/21/2020,3,9.7,40,Tarrant,32.664753,-97.337917
1/22/2020,3,8.6,36,Tarrant,32.664753,-97.337917
1/23/2020,3,4.1,17,Tarrant,32.664753,-97.337917
1/24/2020,3,4.7,20,Tarrant,32.664753,-97.337917
1/25/2020,3,5.4,23,Tarrant,32.664753,-97.337917
1/26/2020,3,7.4,31,Tarrant,32.664753,-97.337917
1/27/2020,3,13.2,53,Tarrant,32.664753,-97.337917
1/28/2020,3,5,21,Tarrant,32.664753,-97.337917
1/29/2020,3,4.6,19,Tarrant,32.664753,-97.337917
1/30/2020,3,5.7,24,Tarrant,32.664753,-97.337917
1/31/2020,3,5.4,23,Tarrant,32.664753,-97.337917
2/1/2020,3,5.6,23,Tarrant,32.664753,-97.337917
2/2/2020,3,2.9,12,Tarrant,32.664753,-97.337917
2/3/2020,3,7.2,30,Tarrant,32.664753,-97.337917
2/4/2020,3,7,29,Tarrant,32.664753,-97.337917
2/5/2020,3,5.1,21,Tarrant,32.664753,-97.337917
2/6/2020,3,6.5,27,Tarrant,32.664753,-97.337917
2/7/2020,3,5.1,21,Tarrant,32.664753,-97.337917
2/8/2020,3,8.3,35,Tarrant,32.664753,-97.337917
2/9/2020,3,5.5,23,Tarrant,32.664753,-97.337917
2/10/2020,3,6.1,25,Tarrant,32.664753,-97.337917
2/11/2020,3,7.2,30,Tarrant,32.664753,-97.337917
2/12/2020,3,4.5,19,Tarrant,32.664753,-97.337917
2/13/2020,3,6.4,27,Tarrant,32.664753,-97.337917
2/14/2020,3,6.2,26,Tarrant,32.664753,-97.337917
2/15/2020,3,7.8,33,Tarrant,32.664753,-97.337917
2/16/2020,3,6.7,28,Tarrant,32.664753,-97.337917
2/17/2020,3,8.4,35,Tarrant,32.664753,-97.337917
2/18/2020,3,6.3,26,Tarrant,32.664753,-97.337917
2/19/2020,3,5.8,24,Tarrant,32.664753,-97.337917
2/20/2020,3,4,17,Tarrant,32.664753,-97.337917
2/21/2020,3,8.6,36,Tarrant,32.664753,-97.337917
2/22/2020,3,8.1,34,Tarrant,32.664753,-97.337917
2/23/2020,3,7.4,31,Tarrant,32.664753,-97.337917
2/24/2020,3,3.5,15,Tarrant,32.664753,-97.337917
2/25/2020,3,3,13,Tarrant,32.664753,-97.337917
2/26/2020,3,3,13,Tarrant,32.664753,-97.337917
2/27/2020,3,6.1,25,Tarrant,32.664753,-97.337917
2/28/2020,3,5.5,23,Tarrant,32.664753,-97.337917
2/29/2020,3,7.5,31,Tarrant,32.664753,-97.337917
3/1/2020,3,5.5,23,Tarrant,32.664753,-97.337917
3/2/2020,3,7,29,Tarrant,32.664753,-97.337917
3/3/2020,3,9.8,41,Tarrant,32.664753,-97.337917
3/4/2020,3,7.9,33,Tarrant,32.664753,-97.337917
3/5/2020,3,4.6,19,Tarrant,32.664753,-97.337917
3/6/2020,3,5.5,23,Tarrant,32.664753,-97.337917
3/7/2020,3,8.5,35,Tarrant,32.664753,-97.337917
3/8/2020,3,8.6,36,Tarrant,32.664753,-97.337917
3/9/2020,3,5.8,24,Tarrant,32.664753,-97.337917
3/10/2020,3,6.8,28,Tarrant,32.664753,-97.337917
3/11/2020,3,11,46,Tarrant,32.664753,-97.337917
3/12/2020,3,10.9,45,Tarrant,32.664753,-97.337917
3/13/2020,3,7,29,Tarrant,32.664753,-97.337917
3/14/2020,3,6.8,28,Tarrant,32.664753,-97.337917
3/15/2020,3,3.4,14,Tarrant,32.664753,-97.337917
3/16/2020,3,8.7,36,Tarrant,32.664753,-97.337917
3/17/2020,3,20,68,Tarrant,32.664753,-97.337917
3/18/2020,3,9.1,38,Tarrant,32.664753,-97.337917
3/19/2020,3,10.2,43,Tarrant,32.664753,-97.337917
3/20/2020,3,3.8,16,Tarrant,32.664753,-97.337917
3/21/2020,3,5.8,24,Tarrant,32.664753,-97.337917
3/22/2020,3,5.8,24,Tarrant,32.664753,-97.337917
3/23/2020,3,10.4,43,Tarrant,32.664753,-97.337917
3/24/2020,3,7.4,31,Tarrant,32.664753,-97.337917
3/25/2020,3,9.7,40,Tarrant,32.664753,-97.337917
3/26/2020,3,17.8,63,Tarrant,32.664753,-97.337917
3/27/2020,3,16.1,59,Tarrant,32.664753,-97.337917
3/28/2020,3,6.7,28,Tarrant,32.664753,-97.337917
3/29/2020,3,7.2,30,Tarrant,32.664753,-97.337917
3/30/2020,3,7.5,31,Tarrant,32.664753,-97.337917
3/31/2020,3,3.7,15,Tarrant,32.664753,-97.337917
